name,Cleaned Link,Is PDF,Exists,Status
University of Kalyani,https://klyuniv.ac.in/faculty-directory/,FALSE,TRUE,FALSE
IIM Calcutta (Indian Institute of Management Calcutta),https://www.iimcal.ac.in/faculty/faculty-directory,FALSE,TRUE,FALSE
"Indian Institute of Technology (IIT), Kharagpur",http://www.iitkgp.ac.in/departments,FALSE,FALSE,FALSE
"Indian Institute of Management (IIM), Calcutta",https://www.iimcal.ac.in/faculty/faculty-profiles,FALSE,FALSE,FALSE
"National Institute of Technology (NIT), Durgapur",https://nitdgp.ac.in/department,FALSE,TRUE,FALSE
"Indian Institute of Engineering Science and Technology (IIEST), Shibpur",https://www.iiests.ac.in/IIEST/department,FALSE,TRUE,FALSE
"Indian Institute of Science Education and Research (IISER), Kolkata",https://www.iiserkol.ac.in/web/en/people/faculty/,FALSE,TRUE,FALSE
"Indian Statistical Institute (ISI), Kolkata",https://www.isical.ac.in/~deanweb/faculty_home_pages.html,FALSE,FALSE,FALSE
Jadavpur University,http://www.jaduniv.edu.in/faculty.php,FALSE,FALSE,FALSE
University of Calcutta,https://www.caluniv.ac.in/academic/department.html,FALSE,FALSE,FALSE
"Presidency University, Kolkata",https://www.presiuniv.ac.in/web/faculty-members.php,FALSE,FALSE,FALSE
University of Burdwan,https://buruniv.ac.in/index.php/site/academic_department,FALSE,FALSE,FALSE
University of Kalyani,https://klyuniv.ac.in/departments/,FALSE,FALSE,FALSE
Vidyasagar University,http://www.vidyasagar.ac.in/department,FALSE,FALSE,FALSE
University of North Bengal,https://www.nbu.ac.in/academics/departments.html,FALSE,FALSE,FALSE
Maulana Abul Kalam Azad University of Technology (MAKAUT),https://makautwb.ac.in/page.php?id=255,FALSE,TRUE,FALSE
Rabindra Bharati University,https://www.rbu.ac.in/faculty,FALSE,FALSE,FALSE
West Bengal State University,https://wbsu.ac.in/departments/,FALSE,FALSE,FALSE
Sidho Kanho Birsha University,https://skbu.ac.in/departments,FALSE,FALSE,FALSE
Cooch Behar Panchanan Barma University,https://cbpbu.ac.in/departments-of-faculty-council/,FALSE,FALSE,FALSE
"St. Xaviers College (Autonomous), Kolkata",https://www.sxccal.edu/academics/departments/,FALSE,TRUE,FALSE
"Ramakrishna Mission Vivekananda Centenary College, Rahara (Autonomous)",https://rkmvccrahara.org/departments.php,FALSE,FALSE,FALSE
"Ramakrishna Mission Vidyamandira, Belur Math (Autonomous)",https://vidyamandira.ac.in/departments/,FALSE,FALSE,FALSE
Heritage Institute of Technology (Autonomous),https://www.heritageit.edu/Academic/Home.aspx#Departments,FALSE,FALSE,FALSE
"Institute of Engineering & Management (IEM), Kolkata",https://iem.edu.in/iem-faculty/,FALSE,FALSE,FALSE
Techno India University,https://www.technoindiauniversity.ac.in/faculty-list.php,FALSE,FALSE,FALSE
"Amity University, Kolkata",https://www.amity.edu/kolkata/faculty.aspx,FALSE,TRUE,FALSE
Adamas University,https://adamasuniversity.ac.in/academics/faculty/,FALSE,TRUE,FALSE
Sister Nivedita University,https://snuniv.ac.in/schools.aspx,FALSE,FALSE,FALSE
Brainware University,https://www.brainwareuniversity.ac.in/phd-supervisors.php,FALSE,FALSE,FALSE
Scottish Church College,https://www.scottishchurch.ac.in/departments/,FALSE,FALSE,FALSE
Bethune College,https://www.bethunecollege.ac.in/departments.htm,FALSE,FALSE,FALSE
Maulana Azad College,https://maulanaazadcollegekolkata.ac.in/departments.php,FALSE,FALSE,FALSE
Lady Brabourne College,https://www.ladybrabourne.com/view-all-departments.php,FALSE,FALSE,FALSE
Goenka College of Commerce and Business Administration,https://goenkacollege.net/department.html,FALSE,TRUE,FALSE
Asutosh College,https://asutoshcollege.in/new-web/departments.php,FALSE,FALSE,FALSE
Jalpaiguri Government Engineering College,https://jgec.ac.in/departments/,FALSE,FALSE,FALSE
Kalyani Government Engineering College,https://www.kgec.edu.in/departments.phpHere,FALSE,FALSE,FALSE
are faculty directory links for selected colleges in Andhra Pradesh formatted as requested,-,FALSE,FALSE,FALSE
JNTU-GV College of Engineering Vizianagaram,https://jntugvcev.edu.in/department/information-technology/staff-list/,FALSE,TRUE,FALSE
"SRM University AP, Andhra Pradesh",https://srmap.edu.in/faculty-4/,FALSE,TRUE,FALSE
NIT Andhra Pradesh (HOD Profiles/contacts),https://nitandhra.ac.in/main/hod.php,FALSE,TRUE,FALSE
Some other colleges (from authoritative documents and summaries) in Andhra Pradesh whose faculty directory links are not available in the search results but are regularly referenced,-,FALSE,FALSE,FALSE
"Andhra University, Visakhapatnam",https://www.andhrauniversity.edu.in/schools-and-departments.html,FALSE,FALSE,FALSE
"Sri Venkateswara University, Tirupati",https://www.svuniversity.edu.in/departments,FALSE,FALSE,FALSE
"Jawaharlal Nehru Technological University (JNTU), Kakinada",http://www.jntuk.edu.in/university-college-of-engineering-kakinada/,FALSE,TRUE,FALSE
"Jawaharlal Nehru Technological University (JNTU), Anantapur",https://www.jntuacea.ac.in/departments/,FALSE,FALSE,FALSE
"Acharya Nagarjuna University, Guntur",https://www.anu.ac.in/academics/departments,FALSE,FALSE,FALSE
"Indian Institute of Technology (IIT), Tirupati",https://iittp.ac.in/people/faculty,FALSE,TRUE,FALSE
"National Institute of Technology (NIT), Andhra Pradesh",https://nitandhra.ac.in/main/departments,FALSE,FALSE,FALSE
"Indian Institute of Management (IIM), Visakhapatnam",https://iimv.ac.in/faculty-and-research/faculty-profiles,FALSE,FALSE,FALSE
"Indian Institute of Science Education and Research (IISER), Tirupati",http://www.iisertirupati.ac.in/people/faculty/,FALSE,TRUE,FALSE
"Sri Krishnadevaraya University, Anantapur",http://www.skuniversity.ac.in/departments.php,FALSE,FALSE,FALSE
"Sri Padmavati Mahila Visvavidyalayam, Tirupati",https://www.spmvv.ac.in/departments.html,FALSE,TRUE,FALSE
"Dravidian University, Kuppam",https://dravidianuniversity.ac.in/schools.php,FALSE,FALSE,FALSE
"SRM University, AP - Amaravati",https://srmap.edu.in/faculty/,FALSE,TRUE,FALSE
"VIT-AP University, Amaravati",https://vitap.ac.in/all-faculty-list/,FALSE,FALSE,FALSE
"Koneru Lakshmaiah Education Foundation (KL University), Vaddeswaram",https://www.kluniversity.in/departments.aspx,FALSE,FALSE,FALSE
"GITAM (Gandhi Institute of Technology and Management), Visakhapatnam",https://git.gitam.edu/departments/,FALSE,FALSE,FALSE
"Vignans Foundation for Science, Technology & Research, Guntur",https://www.vignan.ac.in/departments.php,FALSE,FALSE,FALSE
"Gayatri Vidya Parishad College of Engineering (GVPCE), Visakhapatnam",http://www.gvpce.ac.in/departments.html,FALSE,TRUE,FALSE
"Velagapudi Ramakrishna Siddhartha Engineering College (VRSEC), Vijayawada",https://www.vrsiddhartha.ac.in/departments/,FALSE,FALSE,FALSE
"RVR & JC College of Engineering, Guntur",https://www.rvrjcce.ac.in/departments.php,FALSE,FALSE,FALSE
"Sri Venkateswara College of Engineering (SVCE), Tirupati",https://www.svce.edu.in/departments,FALSE,FALSE,FALSE
"G. Pulla Reddy Engineering College, Kurnool",https://www.gprec.ac.in/departments-2/,FALSE,FALSE,FALSE
"Andhra Medical College, Visakhapatnam",http://amc.edu.in/departments.html,FALSE,FALSE,FALSE
"Guntur Medical College, Guntur",http://gmc.ap.gov.in/departments.html,FALSE,FALSE,FALSE
"Rangaraya Medical College, Kakinada",http://www.rmckakinada.com/departments.html,FALSE,TRUE,FALSE
"Sri Venkateswara Medical College, Tirupati",https://svmc.ap.nic.in/departments.html,FALSE,FALSE,FALSE
Disclaimer,This,FALSE,FALSE,FALSE
"list includes many of the prominent institutions in Andhra Pradesh. It is not exhaustive, as website structures vary and some smaller colleges may not have easily accessible online directories.Here are the faculty directory links (or closest equivalents) of colleges in Arunachal Pradesh, formatted as requested",-,FALSE,FALSE,FALSE
Rajiv Gandhi University,[Faculty,FALSE,FALSE,FALSE
contact directory (PDF)](https,//rgu.ac.in/wp-content/uploads/2022/08/Contact-Numbers-of-Teaching-Staff-Department-wise.pdf),FALSE,TRUE,FALSE
Government College Bomdila,[Faculty,FALSE,FALSE,FALSE
details](https,//gcbdl.edu.in/webpages/faculty.html),FALSE,FALSE,FALSE
"Other prominent colleges and universities in Arunachal Pradesh have official websites, but their faculty directories are either not directly linked in the search results or are not available publicly. Directories are often found within college official sites, here are their main links",-,FALSE,FALSE,FALSE
Arunachal University of Studies,[Main,FALSE,FALSE,FALSE
college site](http,//www.arunachaluniversity.ac.in/),FALSE,FALSE,FALSE
Apex Professional University,[Main,FALSE,FALSE,FALSE
college site](https,//www.apexuniversity.edu.in),FALSE,FALSE,FALSE
"College of Horticulture & Forestry, Pasighat",[Main,FALSE,FALSE,FALSE
college site](http,//www.chfcau.org.in/),FALSE,FALSE,FALSE
"Jawaharlal Nehru College, Pasighat",[Main,FALSE,FALSE,FALSE
college site](https,//www.jncpasighat.edu.in/),FALSE,FALSE,FALSE
Doying Gumin College,[Official,FALSE,FALSE,FALSE
Facebook page](https,//www.facebook.com/doyinggumincollege/),FALSE,FALSE,FALSE
Mahabodhi Lord Buddha College,[Main,FALSE,FALSE,FALSE
college site](https,//www.mlbcollege.in/),FALSE,TRUE,FALSE
Venerable Uktara Bethany College,[Main,FALSE,FALSE,FALSE
college site](http,//vubcnamsai.com/),FALSE,FALSE,FALSE
Observation,Only,FALSE,FALSE,FALSE
Universities and Institutes of National Importance,Rajiv,FALSE,FALSE,FALSE
"Gandhi University, Rono Hills",https://rgu.ac.in/departments/,FALSE,FALSE,FALSE
"North Eastern Regional Institute of Science and Technology (NERIST), Nirjuli",https://www.nerist.ac.in/departments,FALSE,FALSE,FALSE
"National Institute of Technology (NIT), Arunachal Pradesh",https://www.nitap.ac.in/departments,FALSE,FALSE,FALSE
"Himalayan University, Itanagar",https://www.himalayanuniversity.com/faculty-list.php,FALSE,FALSE,FALSE
"Apex Professional University, Pasighat",https://www.apexuniversity.edu.in/faculty.aspx,FALSE,FALSE,FALSE
Government Colleges,Jawaharlal,FALSE,FALSE,FALSE
"Nehru College, Pasighat",http://www.jnc.ac.in/departments.php,FALSE,FALSE,FALSE
"Dera Natung Government College, Itanagar",https://dngc.ac.in/departments/,FALSE,TRUE,FALSE
"Indira Gandhi Government College, Tezu",https://www.iggcollege.ac.in/departments,FALSE,FALSE,FALSE
"Don Bosco College, Itanagar",https://www.dbcitanagar.ac.in/teaching-staff/,FALSE,FALSE,FALSE
"Wangcha Rajkumar Government College, Deomali",https://wrgc.in/department,FALSE,FALSE,FALSE
"Government College, Bomdila",http://www.gcbomdila.edu.in/teachingstaff,FALSE,FALSE,FALSE
"Government Model College, Geku",https://gmcsg.ac.in/faculty.php,FALSE,FALSE,FALSE
"Government College, Yachuli",https://gcyachuli.ac.in/faculty-2/,FALSE,TRUE,FALSE
"Government Degree College, Daporijo",http://gdcdapo.ac.in/department.html,FALSE,FALSE,FALSE
"Rang Frah Government College, Changlang",http://www.rfgc.ac.in/faculty.php,FALSE,FALSE,FALSE
(Note,College,FALSE,FALSE,FALSE
websites are subject to change. Some smaller colleges may not have an easily accessible or up-to-date online faculty list.)Here are faculty directory links for colleges and universities in Assam based on available search results,-,FALSE,FALSE,FALSE
Sibsagar University,https://sibsagaruniversity.ac.in/teachingstaff.php,FALSE,TRUE,FALSE
Assam Don Bosco University,https://dbuniversity.ac.in/pdfs/Telephone-Directory.pdf,TRUE,TRUE,FALSE
Assam Down Town University,https://adtu.in/faculty-members.html,FALSE,TRUE,FALSE
"If you need the faculty directory links for more colleges, the official Assam Higher Education portal provides a comprehensive directory of colleges and their profiles, although it may not always directly link to faculty directories",https://highereducation.assam.gov.in/portlets/profiles-of-universities-and-colleges,FALSE,TRUE,FALSE
Gauhati University,https://gauhati.ac.in/academic/departments,FALSE,FALSE,FALSE
Dibrugarh University,https://dibru.ac.in/all-departments-and-centres/,FALSE,TRUE,FALSE
Tezpur University,http://www.tezu.ernet.in/schools.html,FALSE,FALSE,FALSE
"Assam University, Silchar",http://www.aus.ac.in/departments/,FALSE,FALSE,FALSE
Cotton University,https://cottonuniversity.ac.in/departments,FALSE,FALSE,FALSE
Assam Agricultural University,https://www.aau.ac.in/colleges,FALSE,FALSE,FALSE
Assam Don Bosco University,https://dbuniversity.ac.in/schools.php,FALSE,FALSE,FALSE
Bodoland University,https://buniv.edu.in/pagedisplay/academic-departments,FALSE,FALSE,FALSE
The Assam Royal Global University,https://rgu.ac/schools.html,FALSE,FALSE,FALSE
Kaziranga University,https://www.kazirangauniversity.in/schools/,FALSE,FALSE,FALSE
Krishna Kanta Handiqui State Open University (KKHSOU),https://kkhsou.in/web/guest/faculty-member,FALSE,FALSE,FALSE
Kumar Bhaskar Varma Sanskrit and Ancient Studies University,https://www.kbvsasun.ac.in/departments.php,FALSE,FALSE,FALSE
Indian Institute of Technology Guwahati (IITG),https://www.iitg.ac.in/acad/,FALSE,TRUE,FALSE
National Institute of Technology Silchar (NIT Silchar),http://www.nits.ac.in/departments/,FALSE,FALSE,FALSE
Assam Engineering College (AEC),http://www.aec.ac.in/departments.php,FALSE,TRUE,FALSE
Jorhat Institute of Science & Technology (JIST),https://jist.ac.in/departments-2/,FALSE,FALSE,FALSE
Jorhat Engineering College (JEC),https://jecassam.ac.in/departments-2/,FALSE,FALSE,FALSE
Indian Institute of Information Technology Guwahati (IIITG),https://www.iiitg.ac.in/people.php?cat=faculty,FALSE,FALSE,FALSE
Gauhati Medical College and Hospital (GMCH),https://gmchassam.gov.in/departments,FALSE,FALSE,FALSE
"Assam Medical College, Dibrugarh (AMC)",https://amch.edu.in/departments/,FALSE,FALSE,FALSE
Silchar Medical College and Hospital (SMCH),https://smcassam.gov.in/departments,FALSE,FALSE,FALSE
Jorhat Medical College & Hospital (JMCH),https://jmch.org.in/departments/,FALSE,TRUE,FALSE
"Fakhruddin Ali Ahmed Medical College, Barpeta",https://faamcassam.co.in/departments/,FALSE,FALSE,FALSE
B. Borooah College,https://www.bborooahcollege.ac.in/departments.php,FALSE,FALSE,FALSE
Handique Girls College,https://www.hgcollege.edu.in/departments.php,FALSE,FALSE,FALSE
Jagannath Barooah College (J.B. College),https://www.jbcollege.in/departments/,FALSE,FALSE,FALSE
Nowgong College,https://www.nowgongcollege.edu.in/departments,FALSE,FALSE,FALSE
Darrang College,https://darrangcollege.ac.in/departments/,FALSE,FALSE,FALSE
Arya Vidyapeeth College,https://avcollege.ac.in/all-department/Below,FALSE,FALSE,FALSE
"are faculty directory links of colleges in Bihar as found in the search results, formatted as requested",-,FALSE,FALSE,FALSE
"Bihar National College (B.N. College), Patna",https://www.bncollegepatna.com/facuilty-profile-list.php,FALSE,FALSE,FALSE
Babasaheb Bhimrao Ambedkar Bihar University – Teachers List,https://brabu.ac.in/home/emp,FALSE,TRUE,FALSE
Central University of South Bihar – Faculty List,https://www.cusb.ac.in/index.php?option=com_content&view=article&id=346&Itemid=434,FALSE,TRUE,FALSE
Note,-,FALSE,FALSE,FALSE
"Indian Institute of Technology (IIT), Patna",https://www.iitp.ac.in/index.php/people/faculty,FALSE,TRUE,FALSE
"National Institute of Technology (NIT), Patna",http://www.nitp.ac.in/php/departments.php,FALSE,FALSE,FALSE
"All India Institute of Medical Sciences (AIIMS), Patna",https://aiimspatna.edu.in/index.php/departments,FALSE,FALSE,FALSE
"National Institute of Pharmaceutical Education and Research (NIPER), Hajipur",http://www.niperhajipur.ac.in/faculty.html,FALSE,FALSE,FALSE
Patna University,https://www.pup.ac.in/faculties,FALSE,FALSE,FALSE
Central University of South Bihar (CUSB),https://www.cusb.ac.in/faculty/,FALSE,FALSE,FALSE
Nalanda University,https://nalandauniv.edu.in/faculty-members/,FALSE,FALSE,FALSE
"Chanakya National Law University (CNLU), Patna",https://www.cnlu.ac.in/faculty/,FALSE,TRUE,FALSE
"Aryabhatta Knowledge University, Patna",https://akubihar.ac.in/departments/,FALSE,FALSE,FALSE
"Bihar Engineering University (BEU), Patna",https://beu.ac.in/faculty-2/,FALSE,FALSE,FALSE
"Indira Gandhi Institute of Medical Sciences (IGIMS), Patna",http://www.igims.org/departments.aspx,FALSE,FALSE,FALSE
Patna Medical College and Hospital (PMCH),http://pmch.in/departments.html,FALSE,FALSE,FALSE
"Bakhtiyarpur College of Engineering (BCE), Patna",https://bcebakhtiyarpur.ac.in/faculty/,FALSE,TRUE,FALSE
"Motihari College of Engineering (MCE), Motihari",https://mcemotihari.ac.in/departments/,FALSE,FALSE,FALSE
"Gaya College of Engineering, Gaya",https://www.gcegaya.ac.in/departments/,FALSE,FALSE,FALSE
Patna Womens College,https://patnawomenscollege.in/department/,FALSE,FALSE,FALSE
"A.N. College, Patna",https://www.ancollege.ac.in/departments.php,FALSE,FALSE,FALSE
"St. Xaviers College of Management & Technology, Patna",https://sxcpatna.edu.in/faculty.html,FALSE,FALSE,FALSE
"College of Commerce, Arts & Science, Patna",https://www.cocaspatna.ac.in/department/allHere,FALSE,FALSE,FALSE
"are faculty directory links for colleges in Chhattisgarh, based on the available search results",-,FALSE,FALSE,FALSE
Pandit Sundarlal Sharma (Open) University (PSSOU),https://www.pssou.ac.in/index?page=element&id=FACULTY,FALSE,FALSE,FALSE
"Government Chhattisgarh P.G. College, Raipur",https://cgcollege.org/Assets/Documents/Faculty%20List.pdf,TRUE,TRUE,FALSE
"Veerangana Rani Durgavati Government College, Marwahi",http://vrdgcollege.in,FALSE,TRUE,FALSE
"Durga College, Raipur",https://www.durgacollege.in/index.php?page=departmentFaculty,FALSE,TRUE,FALSE
"Indian Institute of Technology (IIT), Bhilai",https://www.iitbhilai.ac.in/index.php?pid=faculty,FALSE,FALSE,FALSE
"National Institute of Technology (NIT), Raipur",http://www.nitrr.ac.in/departments.php,FALSE,FALSE,FALSE
"All India Institute of Medical Sciences (AIIMS), Raipur",https://aiimsraipur.edu.in/user/faculty_list.php,FALSE,FALSE,FALSE
"Hidayatullah National Law University (HNLU), Raipur",https://hnlu.ac.in/faculty/,FALSE,FALSE,FALSE
"Indian Institute of Management (IIM), Raipur",https://www.iimraipur.ac.in/faculty-and-research/faculty,FALSE,TRUE,FALSE
"Guru Ghasidas Vishwavidyalaya (A Central University), Bilaspur",https://www.ggu.ac.in/Schools.aspx,FALSE,FALSE,FALSE
"Pandit Ravishankar Shukla University, Raipur",https://www.prsu.ac.in/school-of-studies,FALSE,FALSE,FALSE
"Chhattisgarh Swami Vivekanand Technical University (CSVTU), Bhilai",https://csvtu.ac.in/ew/university-teaching-departments-utd/,FALSE,FALSE,FALSE
"Indira Gandhi Krishi Vishwavidyalaya (IGKV), Raipur",https://igkv.ac.in/academics/faculties/,FALSE,FALSE,FALSE
"Atal Bihari Vajpayee Vishwavidyalaya, Bilaspur",https://www.bilaspuruniversity.ac.in/department.php,FALSE,FALSE,FALSE
"Shaheed Mahendra Karma Vishwavidyalaya, Bastar",http://bvvjdp.ac.in/school-of-studies/,FALSE,FALSE,FALSE
"Shaheed Nandkumar Patel Vishwavidyalaya, Raigarh",https://snpv.ac.in/schools-departments/,FALSE,FALSE,FALSE
"Government Engineering College (GEC), Raipur",https://www.gecraipur.ac.in/departments.php,FALSE,FALSE,FALSE
"Bhilai Institute of Technology (BIT), Durg",https://www.bitdurg.ac.in/departments/,FALSE,FALSE,FALSE
"Shri Shankaracharya Technical Campus (SSTC), Bhilai",https://sstc.ac.in/faculty/,FALSE,FALSE,FALSE
"Rungta College of Engineering and Technology, Bhilai",https://rungta.ac.in/rcet/about-us/faculties.html,FALSE,FALSE,FALSE
"Kalinga University, Naya Raipur",https://kalingauniversity.ac.in/faculty.aspx,FALSE,FALSE,FALSE
"Government Engineering College, Bilaspur",http://www.gecbilaspur.ac.in/departments.html,FALSE,FALSE,FALSE
"MATS University, Raipur",https://www.matsuniversity.ac.in/schools.php,FALSE,FALSE,FALSE
Disclaimer,Website,FALSE,FALSE,FALSE
links and their structure can change over time. The links provided are the most direct and relevant pages available at the time of this search.Here are faculty directory links for major colleges in Goa where such directories are available,-,FALSE,FALSE,FALSE
Goa University,http://info.unigoa.ac.in/faculty_A-Z.php,FALSE,TRUE,FALSE
Goa College of Architecture,https://gcarch.goa.gov.in/faculty-list/,FALSE,FALSE,FALSE
Additional context,-,FALSE,FALSE,FALSE
"The Directorate of Higher Education, Goa, provides broader faculty listings for institutes under its purview, which may include multiple colleges",https://www.dhe.goa.gov.in/faculty/getListing/,FALSE,TRUE,FALSE
Goa University,https://www.unigoa.ac.in/schools/schools-overview.html,FALSE,FALSE,FALSE
"BITS Pilani, K K Birla Goa Campus",https://www.bits-pilani.ac.in/goa/faculty/,FALSE,TRUE,FALSE
National Institute of Technology (NIT) Goa,https://www.nitgoa.ac.in/department/index.php,FALSE,TRUE,FALSE
Goa Institute of Management (GIM),https://gim.ac.in/faculty,FALSE,FALSE,FALSE
Goa College of Engineering (GEC),http://www.gec.ac.in/departments.php,FALSE,FALSE,FALSE
Don Bosco College of Engineering,https://www.dbcegoa.ac.in/departments/,FALSE,FALSE,FALSE
Padre Conceicao College of Engineering (PCCE),https://www.pccegoa.edu.in/p/faculty-profiles,FALSE,FALSE,FALSE
Shree Rayeshwar Institute of Engineering and Information Technology,http://www.ritgoa.ac.in/faculty-list/,FALSE,FALSE,FALSE
"St. Xaviers College, Mapusa",https://xavierscollege-goa.com/departments/,FALSE,FALSE,FALSE
Parvatibai Chowgule College of Arts and Science,https://chowgules.ac.in/web/departments/,FALSE,FALSE,FALSE
Dhempe College of Arts & Science,https://dhempecollege.edu.in/departments/,FALSE,FALSE,FALSE
Carmel College for Women,http://carmelcollegegoa.org/departments/,FALSE,FALSE,FALSE
MES College of Arts and Commerce,https://mescollege.in/faculty/,FALSE,FALSE,FALSE
"Government College of Arts, Science and Commerce, Sanquelim",https://www.gcsc.ac.in/departments/,FALSE,FALSE,FALSE
Rosary College of Commerce & Arts,https://rosarycollege.org/departments/,FALSE,FALSE,FALSE
S. S. Dempo College of Commerce and Economics,https://dempocollege.edu.in/departments/,FALSE,FALSE,FALSE
Goa Medical College and Hospital (GMC),https://www.gmc.goa.gov.in/departments/,FALSE,FALSE,FALSE
Goa Dental College & Hospital,https://gdch.goa.gov.in/department/,FALSE,TRUE,FALSE
Goa College of Pharmacy,https://gcpharma.ac.in/faculty.php,FALSE,FALSE,FALSE
Goa College of Architecture,https://gcarch.goa.gov.in/faculty/,FALSE,FALSE,FALSE
V. M. Salgaocar College of Law,https://vmslaw.edu.in/faculty/,FALSE,FALSE,FALSE
"Institute of Hotel Management (IHM), Goa",https://www.ihmgoa.gov.in/faculty.html,FALSE,FALSE,FALSE
Goa College of Home Science,https://gchsc.ac.in/our-faculty.phpHere,FALSE,FALSE,FALSE
"are faculty directory links for selected colleges and universities in Gujarat, formatted as requested",-,FALSE,FALSE,FALSE
Gokul University,https://www.gokuluniversity.ac.in/facultylist,FALSE,TRUE,FALSE
Gujarat Arts and Science College (GASC),https://gasc.gujarat.gov.in/whos-who,FALSE,TRUE,FALSE
Sardar Patel University,https://www.spuvvn.edu/faculties/,FALSE,TRUE,FALSE
Gujarat University,https://www.gujaratuniversity.ac.in/Faculty,FALSE,TRUE,FALSE
Format,College,FALSE,FALSE,FALSE
Name,<link>,FALSE,FALSE,FALSE
Indian Institute of Technology Gandhinagar (IIT Gandhinagar),https://iitgn.ac.in/faculty,FALSE,TRUE,FALSE
Indian Institute of Management Ahmedabad (IIM Ahmedabad),https://www.iima.ac.in/faculty-research/faculty-directory,FALSE,TRUE,FALSE
"Sardar Vallabhbhai National Institute of Technology (SVNIT), Surat",https://www.svnit.ac.in/departments/,FALSE,FALSE,FALSE
"Indian Institute of Information Technology (IIIT), Vadodara",https://iiitv.ac.in/faculty-members/,FALSE,FALSE,FALSE
"All India Institute of Medical Sciences (AIIMS), Rajkot",https://aiimsrajkot.edu.in/people/faculty,FALSE,FALSE,FALSE
"Gujarat University, Ahmedabad",https://www.gujaratuniversity.ac.in/department,FALSE,TRUE,FALSE
"The Maharaja Sayajirao University of Baroda (MSU), Vadodara",https://www.msubaroda.ac.in/faculty,FALSE,FALSE,FALSE
"Nirma University, Ahmedabad",https://nirmauni.ac.in/faculty/,FALSE,FALSE,FALSE
"Pandit Deendayal Energy University (PDEU), Gandhinagar",https://www.pdeu.ac.in/faculty.html,FALSE,FALSE,FALSE
Ahmedabad University,https://ahduni.edu.in/academics/faculty-directory/,FALSE,FALSE,FALSE
"Dhirubhai Ambani Institute of Information and Communication Technology (DA-IICT), Gandhinagar",https://www.daiict.ac.in/people/faculty,FALSE,FALSE,FALSE
"CEPT University, Ahmedabad",https://cept.ac.in/faculty,FALSE,FALSE,FALSE
"Sardar Patel University, Vallabh Vidyanagar",http://www.spuvvn.edu/academic_programmes/departments/,FALSE,TRUE,FALSE
"Saurashtra University, Rajkot",https://saurashtrauniversity.edu/departments/,FALSE,FALSE,FALSE
"Veer Narmad South Gujarat University (VNSGU), Surat",https://www.vnsgu.ac.in/dept/,FALSE,FALSE,FALSE
"Ganpat University, Mehsana",https://www.ganpatuniversity.ac.in/faculty,FALSE,TRUE,FALSE
"Charotar University of Science and Technology (CHARUSAT), Changa",https://www.charusat.ac.in/faculties.php,FALSE,FALSE,FALSE
"B. J. Medical College, Ahmedabad",http://www.bjmcabd.edu.in/index.php/departments,FALSE,FALSE,FALSE
"L. M. College of Pharmacy, Ahmedabad",https://lmcp.in/faculty/teaching-staff/,FALSE,FALSE,FALSE
"L. D. College of Engineering, Ahmedabad",http://ldce.ac.in/departments,FALSE,TRUE,FALSE
"National Institute of Design (NID), Ahmedabad",https://www.nid.edu/people/faculty.html,FALSE,FALSE,FALSE
"Dharmsinh Desai University (DDU), Nadiad",https://www.ddu.ac.in/faculties.php,FALSE,FALSE,FALSE
"(Directory is by faculty, e.g., Technology, Pharmacy)Here are faculty directory links for colleges in Haryana, formatted as requested. Most colleges do not maintain easy-access directory links; some host faculty lists directly on their website, while others use centralized or PDF directories. Below are reliable cases based on the search results",-,FALSE,FALSE,FALSE
Aggarwal College Ballabgarh,http://www.hcta.in/download/directory.pdf,TRUE,FALSE,FALSE
GC Sector-9 Gurugram,http://gcsector9.ac.in/Faculty,FALSE,TRUE,FALSE
Government College Jhajjar,https://highereduhry.ac.in/Notices/1496.pdf,TRUE,TRUE,FALSE
"For universities in Haryana, official websites typically host faculty information (though sometimes not directly as faculty directory). Here are major university links; check their menus for faculty sections",-,FALSE,FALSE,FALSE
"Ch. Ranbir Singh University, Jind",http://www.crsu.ac.in,FALSE,TRUE,FALSE
Amity University Gurgaon,http://amity.edu/gurgaon,FALSE,TRUE,FALSE
Apeejay Stya University,http://university.apeejay.edu/,FALSE,TRUE,FALSE
BML Munjal University,http://bmu.edu.in/,FALSE,TRUE,FALSE
G.D. Goenka University,http://gdgoenkauniversity.com,FALSE,TRUE,FALSE
IILM University,http://iilm.edu.in,FALSE,FALSE,FALSE
"For comprehensive faculty listings covering multiple colleges (especially government institutions across Haryana), refer to",-,FALSE,FALSE,FALSE
Haryana College Teacher Association Directory (PDF),http://www.hcta.in/download/directory.pdf,TRUE,FALSE,FALSE
Higher Education Haryana Faculty Directory (PDF),https://highereduhry.ac.in/Notices/1496.pdf,TRUE,TRUE,FALSE
"Kurukshetra University, Kurukshetra",https://kuk.ac.in/departments,FALSE,FALSE,FALSE
"Maharshi Dayanand University (MDU), Rohtak",https://mdu.ac.in/pages/Departments.aspx,FALSE,TRUE,FALSE
"National Institute of Technology (NIT), Kurukshetra",https://www.nitkkr.ac.in/sub_courses/departments.php,FALSE,FALSE,FALSE
"Indian Institute of Management (IIM), Rohtak",https://iimrohtak.ac.in/faculty/,FALSE,FALSE,FALSE
"Chaudhary Charan Singh Haryana Agricultural University, Hisar",https://hau.ac.in/faculty-all-list/,FALSE,FALSE,FALSE
"Guru Jambheshwar University of Science and Technology, Hisar",http://www.gjust.ac.in/faculty.html,FALSE,FALSE,FALSE
"Deenbandhu Chhotu Ram University of Science and Technology, Murthal",https://dcrustm.ac.in/departments/,FALSE,TRUE,FALSE
"J.C. Bose University of Science and Technology, YMCA, Faridabad",https://jcboseust.ac.in/departments,FALSE,FALSE,FALSE
"Central University of Haryana, Mahendragarh",https://www.cuh.ac.in/schools.aspx,FALSE,TRUE,FALSE
"Indian Institute of Information Technology (IIIT), Sonepat",https://iiitsonepat.ac.in/academics/departments,FALSE,FALSE,FALSE
"National Dairy Research Institute (NDRI), Karnal",https://ndri.res.in/faculty-members/,FALSE,FALSE,FALSE
"National Brain Research Centre (NBRC), Manesar",https://www.nbrc.ac.in/core-faculty.php,FALSE,TRUE,FALSE
"Chaudhary Ranbir Singh University, Jind",https://crsu.ac.in/academics/departments,FALSE,FALSE,FALSE
"Pt. Bhagwat Dayal Sharma University of Health Sciences, Rohtak",http://www.pgimsrohtak.ac.in/departments.html,FALSE,TRUE,FALSE
"Kalpana Chawla Government Medical College, Karnal",https://www.kcgmc.edu.in/departments/,FALSE,FALSE,FALSE
"Shaheed Hasan Khan Mewati Govt. Medical College, Nalhar",http://www.shkmgmcnuh.org/department.aspx,FALSE,FALSE,FALSE
"Maharaja Agrasen Medical College, Agroha",https://mamc.edu.in/departments/,FALSE,FALSE,FALSE
"Ashoka University, Sonepat",https://www.ashoka.edu.in/faculty/,FALSE,TRUE,FALSE
"O.P. Jindal Global University, Sonipat",https://jgu.edu.in/faculty/,FALSE,TRUE,FALSE
"Manav Rachna International Institute of Research and Studies, Faridabad",https://manavrachna.edu.in/faculty-of-engineering-and-technology/,FALSE,FALSE,FALSE
"SRM University, Sonepat",https://srmuniversity.ac.in/faculty/,FALSE,FALSE,FALSE
"The NorthCap University, Gurugram",https://www.ncuindia.edu/faculty-members,FALSE,FALSE,FALSE
Disclaimer,University,FALSE,FALSE,FALSE
"websites are updated frequently, so the exact link structure may change. If a link is broken, navigating from the universitys homepage via Academics, Departments, or Faculty sections is usually the best approach.Below are faculty directory links for colleges in Himachal Pradesh, listed in the requested format",-,FALSE,FALSE,FALSE
"College of Business Studies, Himachal Pradesh University",https://www.hpuniv.ac.in/university-detail/college-of-business-studies/faculty,FALSE,TRUE,FALSE
IIM Sirmaur,https://www.iimsirmaur.ac.in/faculty-list-AtoZ,FALSE,TRUE,FALSE
Baddi University of Emerging Sciences and Technologies,https://www.baddiuniv.ac.in/member/,FALSE,FALSE,FALSE
Additional institutional websites (with potential faculty information sections) from the state,-,FALSE,FALSE,FALSE
"Dr Yashwant Singh Parmar University of Horticulture and Forestry (Nauni, Solan)",https://www.yspuniversity.ac.in/,FALSE,FALSE,FALSE
Government College Nalagarh,https://gdcnalagarh.com,FALSE,TRUE,FALSE
Government College Arki,https://www.gcarki.ac.in,FALSE,FALSE,FALSE
Jaypee University of Information Technology (JUIT),http://www.juit.ac.in,FALSE,TRUE,FALSE
Note,Some,FALSE,FALSE,FALSE
Indian Institute of Technology (IIT) Mandi,https://www.iitmandi.ac.in/schools,FALSE,TRUE,FALSE
National Institute of Technology (NIT) Hamirpur,https://nith.ac.in/departments,FALSE,FALSE,FALSE
Indian Institute of Management (IIM) Sirmaur,https://www.iimsirmaur.ac.in/faculty-and-research/faculty-directory,FALSE,FALSE,FALSE
"Himachal Pradesh University (HPU), Shimla",https://hpuniv.ac.in/university-detail/home.php?department,FALSE,TRUE,FALSE
"Dr. Yashwant Singh Parmar University of Horticulture and Forestry, Nauni",https://www.yspuniversity.ac.in/academics/colleges-departments.php,FALSE,FALSE,FALSE
"CSK Himachal Pradesh Krishi Vishvavidyalaya, Palampur",http://www.hillagric.ac.in/index.php/en/academics/colleges,FALSE,FALSE,FALSE
"Central University of Himachal Pradesh, Dharamshala",https://cuhimachal.ac.in/schools.aspx,FALSE,FALSE,FALSE
"Sardar Vallabhbhai Patel Cluster University, Mandi",https://svpcumandi.ac.in/departments,FALSE,FALSE,FALSE
"Indira Gandhi Medical College (IGMC), Shimla",http://www.igmcshimla.edu.in/departments,FALSE,FALSE,FALSE
"Dr. Rajendra Prasad Government Medical College, Tanda (Kangra)",https://www.rpgmc.ac.in/departments,FALSE,FALSE,FALSE
"Shri Lal Bahadur Shastri Government Medical College, Ner Chowk (Mandi)",https://www.slbsgmchmandi.in/departments.php,FALSE,FALSE,FALSE
"Jaypee University of Information Technology (JUIT), Solan",https://www.juit.ac.in/departments,FALSE,FALSE,FALSE
"Shoolini University, Solan",https://shooliniuniversity.com/faculty,FALSE,FALSE,FALSE
"Bahra University, Shimla Hills",https://bahrauniversity.edu.in/our-faculties/,FALSE,FALSE,FALSE
APG Shimla University,https://www.agu.edu.in/schools/,FALSE,FALSE,FALSE
"Rajiv Gandhi Government Degree College, Shimla (Chaura Maidan)",https://gcshimla.ac.in/academics/departments,FALSE,FALSE,FALSE
"Government College Sanjauli, Shimla",https://gcsanjauli.in/science-faculty.php,FALSE,FALSE,FALSE
(Note,This,FALSE,FALSE,FALSE
"Vallabh Government College, Mandi",https://gcmandi.in/departments.php,FALSE,FALSE,FALSE
"Government Post Graduate College, Dharamshala",https://gcdharamshala.in/our-facultyBelow,FALSE,FALSE,FALSE
Central University of Jharkhand,https://cuj.ac.in/faculty_profiles.php,FALSE,TRUE,FALSE
"Capital University, Jharkhand",https://www.capitaluniversity.edu.in/Faculty,FALSE,TRUE,FALSE
Jharkhand University of Technology,https://jutranchi.ac.in/wp-content/uploads/2021/12/Teaching-Staff-Slection-List-for-website-converted.pdf,TRUE,TRUE,FALSE
Notes,-,FALSE,FALSE,FALSE
RKDF University Ranchis official website (https,//rkdfuniversity.org),FALSE,FALSE,FALSE
"Indian Institute of Technology (ISM), Dhanbad",https://www.iitism.ac.in/iitism-departments,FALSE,FALSE,FALSE
"National Institute of Technology (NIT), Jamshedpur",http://www.nitjsr.ac.in/departments/,FALSE,TRUE,FALSE
"Indian Institute of Management (IIM), Ranchi",https://www.iimranchi.ac.in/p/faculty,FALSE,TRUE,FALSE
"Indian Institute of Information Technology (IIIT), Ranchi",https://iiitranchi.ac.in/index.php/people/faculty,FALSE,FALSE,FALSE
"National Institute of Foundry and Forge Technology (NIFFT), Ranchi",http://www.nifft.ac.in/Department.aspx,FALSE,FALSE,FALSE
Central University of Jharkhand,https://cuj.ac.in/schools-dep.php,FALSE,FALSE,FALSE
"Birla Institute of Technology (BIT), Mesra",https://www.bitmesra.ac.in/Visit_Department_of_the_Institute,FALSE,FALSE,FALSE
Ranchi University,https://www.ranchiuniversity.ac.in/department,FALSE,FALSE,FALSE
"Vinoba Bhave University, Hazaribag",https://vbu.ac.in/departments/,FALSE,FALSE,FALSE
"Sido Kanhu Murmu University, Dumka",https://skmu.ac.in/departments,FALSE,TRUE,FALSE
"Kolhan University, Chaibasa",https://www.kolhanuniversity.ac.in/index.php/department-list,FALSE,FALSE,FALSE
"Nilamber-Pitamber University, Medininagar",https://npu.ac.in/p-g-departments/,FALSE,FALSE,FALSE
"Jharkhand Rai University, Ranchi",https://www.jru.edu.in/our-faculty/,FALSE,FALSE,FALSE
"Xavier Institute of Social Service (XISS), Ranchi",https://www.xiss.ac.in/faculty/,FALSE,FALSE,FALSE
"XLRI - Xavier School of Management, Jamshedpur",https://xlri.ac.in/faculty-research/faculty-profiles,FALSE,FALSE,FALSE
"Rajendra Institute of Medical Sciences (RIMS), Ranchi",https://www.rimsranchi.ac.in/department.php,FALSE,FALSE,FALSE
"St. Xaviers College, Ranchi",https://www.sxcran.org/departmentsHere,FALSE,FALSE,FALSE
"are faculty directory links for colleges in Karnataka, as found in the search results",-,FALSE,FALSE,FALSE
Gulbarga University,https://gug.ac.in/employee-directory,FALSE,TRUE,FALSE
Karnataka College of Pharmacy,https://karnatakacollegeofpharmacy.com/faculty/,FALSE,TRUE,FALSE
Chanakya University,https://chanakyauniversity.edu.in/faculty/,FALSE,TRUE,FALSE
"Indian Institute of Science (IISc), Bangalore",https://iisc.ac.in/academics/departments/,FALSE,FALSE,FALSE
Indian Institute of Management Bangalore (IIMB),https://www.iimb.ac.in/faculty-and-research/faculty-directory,FALSE,FALSE,FALSE
"National Institute of Technology Karnataka (NITK), Surathkal",https://www.nitk.ac.in/departments,FALSE,TRUE,FALSE
"Indian Institute of Technology (IIT), Dharwad",https://www.iitdh.ac.in/academics_departments,FALSE,FALSE,FALSE
International Institute of Information Technology Bangalore (IIITB),https://www.iiitb.ac.in/faculty,FALSE,TRUE,FALSE
"Manipal Academy of Higher Education (MAHE), Manipal",https://manipal.edu/mu/academics/institution-list.html,FALSE,TRUE,FALSE
"PES University, Bangalore",https://pes.edu/faculty/,FALSE,TRUE,FALSE
"Christ (Deemed to be University), Bangalore",https://christuniversity.in/academics,FALSE,TRUE,FALSE
"Jain (Deemed-to-be University), Bangalore",https://www.jainuniversity.ac.in/faculty-and-research,FALSE,FALSE,FALSE
"Visvesvaraya Technological University (VTU), Belagavi",https://vtu.ac.in/en/pg-centres/,FALSE,FALSE,FALSE
(Note,VTU,FALSE,FALSE,FALSE
Bangalore University,https://bangaloreuniversity.ac.in/departments/,FALSE,TRUE,FALSE
"R.V. College of Engineering (RVCE), Bangalore",https://www.rvce.edu.in/rvce-departments,FALSE,TRUE,FALSE
"BMS College of Engineering (BMSCE), Bangalore",https://bmsce.ac.in/home/Departments,FALSE,TRUE,FALSE
"Ramaiah Institute of Technology (MSRIT), Bangalore",https://msrit.edu/departments.html,FALSE,FALSE,FALSE
"Siddaganga Institute of Technology (SIT), Tumkur",https://www.sit.ac.in/departments,FALSE,FALSE,FALSE
"The National Institute of Engineering (NIE), Mysore",https://nie.ac.in/departments/,FALSE,FALSE,FALSE
Bangalore Medical College and Research Institute (BMCRI),https://bmcriong.org/departments/,FALSE,FALSE,FALSE
"Kasturba Medical College (KMC), Manipal",https://manipal.edu/kmc-manipal/programs/departments.html,FALSE,TRUE,FALSE
"St. Johns Medical College, Bangalore",https://www.stjohns.in/medicalcollege/departments,FALSE,FALSE,FALSE
"JSS Medical College, Mysore",https://www.jssuni.edu.in/JSSWeb/WebShowFromDB.aspx?MID=10135&CID=0,FALSE,TRUE,FALSE
"St. Josephs University, Bangalore",https://sju.edu.in/departments.html,FALSE,FALSE,FALSE
"Mount Carmel College, Bangalore",https://mccblr.edu.in/departments/,FALSE,FALSE,FALSE
"National Law School of India University (NLSIU), Bangalore",https://www.nls.ac.in/faculty/Here,FALSE,FALSE,FALSE
"are faculty directory links for selected colleges in Kerala, formatted as requested",-,FALSE,FALSE,FALSE
Sree Kerala Varma College,https://old.keralavarma.ac.in/faculty,FALSE,FALSE,FALSE
Central University of Kerala,https://www.cukerala.ac.in/Academics/Academics_CUK_FacultyDirectory,FALSE,FALSE,FALSE
Rajagiri College of Social Sciences,https://rajagiri.edu/faculty-profile,FALSE,TRUE,FALSE
National Institute of Technology Calicut (NITC),https://nitc.ac.in/departments,FALSE,FALSE,FALSE
Indian Institute of Technology Palakkad (IIT Palakkad),https://iitpkd.ac.in/people/faculty,FALSE,FALSE,FALSE
Indian Institute of Management Kozhikode (IIMK),https://iimk.ac.in/faculty-and-research/faculty-directory,FALSE,FALSE,FALSE
Cochin University of Science and Technology (CUSAT),https://www.cusat.ac.in/academics/academic-centres,FALSE,FALSE,FALSE
University of Kerala,https://www.keralauniversity.ac.in/departments,FALSE,FALSE,FALSE
"Mahatma Gandhi University, Kottayam (MGU)",https://www.mgu.ac.in/schools/,FALSE,FALSE,FALSE
University of Calicut,https://www.uoc.ac.in/departments,FALSE,FALSE,FALSE
APJ Abdul Kalam Technological University (KTU),https://ktu.edu.in/eu/core/department.htm,FALSE,FALSE,FALSE
(Note,This,FALSE,FALSE,FALSE
"Sree Sankaracharya University of Sanskrit, Kalady",https://ssus.ac.in/departments,FALSE,FALSE,FALSE
"Indian Institute of Space Science and Technology (IIST), Trivandrum",https://www.iist.ac.in/academics/faculty,FALSE,FALSE,FALSE
"College of Engineering, Trivandrum (CET)",https://www.cet.ac.in/departments/,FALSE,FALSE,FALSE
"TKM College of Engineering, Kollam",https://www.tkmce.ac.in/departments.php,FALSE,FALSE,FALSE
"Government Engineering College, Thrissur (GEC Thrissur)",http://www.gectcr.ac.in/departments,FALSE,FALSE,FALSE
"Mar Athanasius College of Engineering, Kothamangalam (MACE)",https://www.mace.ac.in/departments,FALSE,FALSE,FALSE
"NSS College of Engineering, Palakkad",https://nssce.ac.in/departments/,FALSE,FALSE,FALSE
"Rajiv Gandhi Institute of Technology, Kottayam (RIT)",https://www.rit.ac.in/departments,FALSE,FALSE,FALSE
"Model Engineering College, Thrikkakkara (MEC)",https://www.mec.ac.in/mec/dept,FALSE,TRUE,FALSE
"University College, Thiruvananthapuram",https://www.universitycollege.ac.in/departments/,FALSE,FALSE,FALSE
"Maharajas College, Ernakulam",https://maharajas.ac.in/departments/,FALSE,FALSE,FALSE
"St. Teresas College, Ernakulam",https://teresas.ac.in/departments/,FALSE,TRUE,FALSE
"Sacred Heart College, Thevara",https://www.shcollege.ac.in/departments/,FALSE,TRUE,FALSE
"Farook College, Kozhikode",https://www.farookcollege.ac.in/departments,FALSE,TRUE,FALSE
"CMS College, Kottayam",https://cmscollege.ac.in/departments/,FALSE,TRUE,FALSE
"St. Thomas College, Thrissur",https://www.stthomas.ac.in/departments/,FALSE,TRUE,FALSE
"Government Medical College, Thiruvananthapuram",http://www.tmc.kerala.gov.in/departments.html,FALSE,FALSE,FALSE
"Government Medical College, Kozhikode",https://www.calicutmedicalcollege.ac.in/departments,FALSE,FALSE,FALSE
"Government Medical College, Kottayam",https://www.kottayammedicalcollege.org/departments,FALSE,TRUE,FALSE
"Government Medical College, Thrissur",https://mctcr.kerala.gov.in/departments/,FALSE,FALSE,FALSE
Important Tip,If,FALSE,FALSE,FALSE
"a direct link becomes outdated, the best way to find the faculty list is to go to the colleges main website, look for a menu item like Academics or Departments, and then navigate to the specific department you are interested in.- Sage University, Indore",https://mpnvva.in/Home/UFaculty?instituteID=37,FALSE,TRUE,FALSE
"Peoples University, Bhopal",https://mpnvva.in/Home/UFaculty?instituteID=5,FALSE,TRUE,FALSE
"Chandra Shekhar Azad Govt Lead College, Sehore",http://scholarshipportal.mp.nic.in/EntityPortal/DistPortal/Public/Default.aspx?ID=Mjk=,FALSE,FALSE,FALSE
"College of Agriculture, Sehore",http://scholarshipportal.mp.nic.in/EntityPortal/DistPortal/Public/Default.aspx?ID=Mjk=,FALSE,FALSE,FALSE
"District Institute of Education & Training, Sehore",http://scholarshipportal.mp.nic.in/EntityPortal/DistPortal/Public/Default.aspx?ID=Mjk=,FALSE,FALSE,FALSE
"Awadhesh Pratap Singh University (APSU), Rewa",https://www.apsurewa.ac.in/en/faculty-members-aih,FALSE,TRUE,FALSE
Indian Institute of Technology Indore (IIT Indore),https://www.iiti.ac.in/people/faculty,FALSE,FALSE,FALSE
Indian Institute of Management Indore (IIM Indore),https://www.iimidr.ac.in/faculty-research/faculty/,FALSE,TRUE,FALSE
Maulana Azad National Institute of Technology Bhopal (MANIT Bhopal),https://www.manit.ac.in/departments,FALSE,FALSE,FALSE
Indian Institute of Science Education and Research Bhopal (IISER Bhopal),https://www.iiserb.ac.in/faculty,FALSE,FALSE,FALSE
"Atal Bihari Vajpayee Indian Institute of Information Technology and Management, Gwalior (ABV-IIITM)",https://www.iiitm.ac.in/index.php/en/people/faculty,FALSE,FALSE,FALSE
"Indian Institute of Information Technology, Design and Manufacturing, Jabalpur (IIITDM Jabalpur)",https://www.iiitdmj.ac.in/faculty.php,FALSE,FALSE,FALSE
All India Institute of Medical Sciences Bhopal (AIIMS Bhopal),https://aiimsbhopal.edu.in/index.php/department/index,FALSE,FALSE,FALSE
"Devi Ahilya Vishwavidyalaya, Indore (DAVV)",https://www.dauniv.ac.in/teaching-departments,FALSE,TRUE,FALSE
"Dr. Harisingh Gour Vishwavidyalaya, Sagar (Central University)",http://www.dhsgsu.ac.in/schools,FALSE,FALSE,FALSE
"Jiwaji University, Gwalior",https://www.jiwaji.edu/schools-of-studies.asp,FALSE,TRUE,FALSE
"Barkatullah University, Bhopal",https://www.bubhopal.ac.in/en/content/departments,FALSE,FALSE,FALSE
"Rani Durgavati Vishwavidyalaya, Jabalpur (RDVV)",https://www.rdunijbpin.org/1373/Academic-Departments,FALSE,FALSE,FALSE
"Vikram University, Ujjain",https://vikramuniv.ac.in/school_of_studies.php,FALSE,TRUE,FALSE
"The Indira Gandhi National Tribal University, Amarkantak (Central University)",https://www.igntu.ac.in/department.aspx,FALSE,TRUE,FALSE
"Shri Govindram Seksaria Institute of Technology and Science, Indore (SGSITS)",https://www.sgsits.ac.in/index.php/department,FALSE,FALSE,FALSE
"Jabalpur Engineering College, Jabalpur (JEC)",https://www.jecjabalpur.ac.in/departments.php,FALSE,FALSE,FALSE
"Madhav Institute of Technology & Science, Gwalior (MITS)",https://mitsgwalior.in/departments.php,FALSE,FALSE,FALSE
"Ujjain Engineering College, Ujjain (UEC)",http://www.uecu.ac.in/departments.php,FALSE,FALSE,FALSE
"Rewa Engineering College, Rewa (REC)",https://www.rec-rewa.ac.in/departments.php,FALSE,FALSE,FALSE
"Amity University, Gwalior",https://www.amity.edu/gwalior/faculty-list.aspx,FALSE,FALSE,FALSE
VIT Bhopal University,https://vitbhopal.ac.in/schools/,FALSE,TRUE,FALSE
"Jagran Lakecity University, Bhopal",https://jlu.edu.in/faculty-and-research/,FALSE,FALSE,FALSE
"LNCT University, Bhopal",https://lnctu.ac.in/schools/,FALSE,FALSE,FALSE
"Netaji Subhash Chandra Bose Medical College, Jabalpur",http://www.nscbmc.ac.in/departments.php,FALSE,TRUE,FALSE
"Gajra Raja Medical College, Gwalior",https://www.grmcgwalior.org/department.aspx,FALSE,FALSE,FALSE
"Mahatma Gandhi Memorial Medical College, Indore",https://www.mgmmcindore.in/department.php-,FALSE,FALSE,FALSE
Pillai HOC College of Architecture,https://phcoa.ac.in/faculty/faculty-directory/,FALSE,TRUE,FALSE
Annasaheb Dange College of Engineering and Technology (Mechanical Engineering Department),https://www.adcet.ac.in/mechanical-engineering-faculties,FALSE,TRUE,FALSE
"Maharashtra College of Arts, Science, and Commerce (Degree College Faculty)",https://maharashtracollege.org/faculty-degree.html,FALSE,FALSE,FALSE
Note,Many,FALSE,FALSE,FALSE
Indian Institute of Technology Bombay (IIT Bombay),https://www.iitb.ac.in/en/faculty-members,FALSE,FALSE,FALSE
"Visvesvaraya National Institute of Technology (VNIT), Nagpur",https://vnit.ac.in/people/faculty/,FALSE,FALSE,FALSE
"Institute of Chemical Technology (ICT), Mumbai",https://www.ictmumbai.edu.in/faculty.aspx,FALSE,FALSE,FALSE
"Tata Institute of Social Sciences (TISS), Mumbai",https://tiss.edu/faculty-and-staff/,FALSE,FALSE,FALSE
Savitribai Phule Pune University,http://www.unipune.ac.in/dept/,FALSE,FALSE,FALSE
University of Mumbai,https://mu.ac.in/departments,FALSE,FALSE,FALSE
Rashtrasant Tukadoji Maharaj Nagpur University (RTMNU),https://nagpuruniversity.ac.in/index.php/post_graduate_teaching_departments_pgtd.html,FALSE,TRUE,FALSE
"Shivaji University, Kolhapur",http://www.unishivaji.ac.in/pgdprt,FALSE,FALSE,FALSE
"Dr. Babasaheb Ambedkar Marathwada University, Aurangabad",https://www.bamu.ac.in/departments/Campus-Departments,FALSE,FALSE,FALSE
"SNDT Womens University, Mumbai",https://sndt.ac.in/academics/departments,FALSE,TRUE,FALSE
"College of Engineering, Pune (COEP) Technological University",https://www.coep.org.in/faculty_list,FALSE,FALSE,FALSE
"Veermata Jijabai Technological Institute (VJTI), Mumbai",https://vjti.ac.in/faculty/,FALSE,FALSE,FALSE
"Sardar Patel College of Engineering (SPCE), Mumbai",https://spce.ac.in/department,FALSE,FALSE,FALSE
"Walchand College of Engineering, Sangli",https://www.walchandsangli.ac.in/departments,FALSE,FALSE,FALSE
"K. J. Somaiya College of Engineering, Mumbai",https://kjsce.somaiya.edu/en/academics/departments,FALSE,TRUE,FALSE
"Government College of Engineering, Aurangabad",http://geca.ac.in/home/departments.aspx,FALSE,FALSE,FALSE
"Government College of Engineering, Karad",https://gcekarad.ac.in/academics.php?page=departments,FALSE,FALSE,FALSE
"Vishwakarma Institute of Technology (VIT), Pune",https://www.vit.edu/index.php/departments,FALSE,FALSE,FALSE
"Pimpri Chinchwad College of Engineering (PCCOE), Pune",https://www.pccoe.org/departments/,FALSE,FALSE,FALSE
"MIT Academy of Engineering, Alandi",https://mitaoe.ac.in/departments.php,FALSE,FALSE,FALSE
"St. Xaviers College, Mumbai",https://xaviers.edu/main/index.php/academic/departments,FALSE,FALSE,FALSE
"Fergusson College, Pune",https://www.fergusson.edu/departments,FALSE,FALSE,FALSE
"Ramnarain Ruia Autonomous College, Mumbai",https://www.ruiacollege.edu/Department/Home.aspx,FALSE,FALSE,FALSE
"Podar College of Commerce & Economics, Mumbai",https://www.rapodar.ac.in/index.php/list-of-all-departments,FALSE,FALSE,FALSE
"MIT World Peace University (MIT-WPU), Pune",https://mitwpu.edu.in/faculty-and-staff/,FALSE,FALSE,FALSE
"Symbiosis Institute of Business Management (SIBM), Pune",https://www.sibm.edu/welcome/faculty,FALSE,TRUE,FALSE
"Symbiosis Law School (SLS), Pune",https://www.symlaw.ac.in/faculty,FALSE,FALSE,FALSE
"Bharati Vidyapeeths College of Engineering, Pune",http://bvpcoe.edu.in/departments,FALSE,FALSE,FALSE
"NMIMS Mukesh Patel School of Technology Management & Engineering, Mumbai",https://engineering.nmims.edu/facultyHere,FALSE,FALSE,FALSE
Manipur International University,https://www.miu.edu.in/academics-team/,FALSE,TRUE,FALSE
Manipur University Teacher Education Department,https://www.manipuruniv.ac.in/department/teacher-education-department/faculty-members-23,FALSE,TRUE,FALSE
"Oriental College, Imphal",https://www.orientalcollege.edu.in/faculty/,FALSE,TRUE,FALSE
"Additionally, there is an official list of many college websites published by the Manipur Higher Education Department[4]; you can use these sites to look for additional faculty directories, although direct links to faculty pages for these colleges were not found in the search results. Some examples from that list include",-,FALSE,FALSE,FALSE
Biramangol College,www.biramangolcollege.edu.in,FALSE,FALSE,FALSE
Ideal Girls College,www.idealcollege.edu.in,FALSE,FALSE,FALSE
Manipur University,https://www.manipuruniv.ac.in/department,FALSE,TRUE,FALSE
Dhanamanjuri University (DMU),http://dmu.ac.in/faculties-and-departments/,FALSE,FALSE,FALSE
"Central Agricultural University, Imphal",https://www.cau.ac.in/faculty-2/,FALSE,FALSE,FALSE
National Sports University,https://www.nsu.ac.in/schools/,FALSE,FALSE,FALSE
"National Institute of Technology (NIT), Manipur",https://www.nitmanipur.ac.in/departments,FALSE,FALSE,FALSE
"Indian Institute of Information Technology (IIIT), Manipur",https://www.iiitmanipur.ac.in/people/faculty,FALSE,FALSE,FALSE
"Regional Institute of Medical Sciences (RIMS), Imphal",https://www.rims.edu.in/rims-academics/departments/,FALSE,FALSE,FALSE
"Jawaharlal Nehru Institute of Medical Sciences (JNIMS), Imphal",https://jnims.nic.in/departments.html,FALSE,FALSE,FALSE
"Imphal College, Imphal",https://imphalcollege.ac.in/departments/,FALSE,FALSE,FALSE
"G.P. Womens College, Imphal",https://gpwomenscollege.ac.in/departments.aspx,FALSE,FALSE,FALSE
"Manipur College, Imphal",https://manipurcollege.ac.in/departments/,FALSE,TRUE,FALSE
"Modern College, Imphal",https://moderncollege.ac.in/view-departments.php,FALSE,FALSE,FALSE
"Thoubal College, Thoubal",https://www.thoubalcollege.ac.in/departments.php,FALSE,FALSE,FALSE
"Lilong Haoreibi College, Lilong",https://lhcollege.ac.in/home/departments/,FALSE,FALSE,FALSE
Churachandpur College,http://www.churachandpurcollege.edu.in/departments.html,FALSE,TRUE,FALSE
"Pettigrew College, Ukhrul",https://www.pettigrewcollege.ac.in/department/,FALSE,TRUE,FALSE
"Oriental College, Imphal",https://orientalcollege.nic.in/Departments.html,FALSE,FALSE,FALSE
"N.G. College, Imphal",https://ngcollege.ac.in/departments/,FALSE,TRUE,FALSE
"Bir Tikendrajit College, Moirang",https://www.bctcollege.com/departments.phpHere,FALSE,FALSE,FALSE
"are faculty directory links for colleges in Meghalaya based on the available search results, formatted as requested",-,FALSE,FALSE,FALSE
"ICFAI University, Meghalaya (Faculty of Management Studies)",https://www.iumeghalaya.edu.in/academics/faculty-profiles/faculty-of-management-profiles,FALSE,TRUE,FALSE
National Institute of Technology (NIT) Meghalaya,https://www.nitm.ac.in/p/directory,FALSE,TRUE,FALSE
"St. Edmunds College, Shillong (partial staff list, PDF)",https://sec.edu.in/resc/04042024Staff_List.pdf,TRUE,FALSE,FALSE
"For a full directory of all colleges in Meghalaya, the government provides a comprehensive list here",https://megeducation.gov.in/dhte/pages/colleges.html,FALSE,TRUE,FALSE
Universities and National Institutes,North-Eastern,FALSE,FALSE,FALSE
Hill University (NEHU),https://nehu.ac.in/Departments,FALSE,FALSE,FALSE
Indian Institute of Management Shillong (IIM Shillong),https://www.iimshillong.ac.in/academics/faculty,FALSE,FALSE,FALSE
National Institute of Technology Meghalaya (NIT Meghalaya),https://www.nitm.ac.in/p/faculty,FALSE,TRUE,FALSE
Martin Luther Christian University (MLCU),https://mlcuniv.in/departments/,FALSE,FALSE,FALSE
William Carey University,https://williamcareyuniversity.ac.in/faculties.php,FALSE,FALSE,FALSE
"University of Science and Technology, Meghalaya (USTM)",https://ustm.ac.in/faculty-ustm/,FALSE,FALSE,FALSE
Prominent Colleges,St,FALSE,FALSE,FALSE
"Anthonys College, Shillong",https://www.anthonys.ac.in/departments/,FALSE,FALSE,FALSE
"St. Edmunds College, Shillong",https://sec.edu.in/departments/,FALSE,FALSE,FALSE
"Lady Keane College, Shillong",https://www.ladykeanecollege.edu.in/departments.aspx,FALSE,FALSE,FALSE
Shillong College,https://shillongcollege.ac.in/departments/,FALSE,FALSE,FALSE
Tura Government College,https://www.turagovtcollege.in/faculty.php,FALSE,FALSE,FALSE
"Sankardev College, Shillong",https://sankardevcollege.ac.in/departments/,FALSE,FALSE,FALSE
"St. Marys College, Shillong",https://stmaryscollegeshillong.edu.in/departments.php,FALSE,FALSE,FALSE
Kiang Nangbah Government College,http://www.kngc.in/departments.html,FALSE,FALSE,FALSE
"Synod College, Shillong",https://synodcollege.edu.in/departments/,FALSE,TRUE,FALSE
"Womens College, Shillong",https://www.womenscollegeshillong.ac.in/departments.phpHere,FALSE,FALSE,FALSE
"are the available faculty directory links of colleges in Mizoram, formatted as requested",-,FALSE,FALSE,FALSE
Mizoram University,https://www.collegebatch.com/2835-mizoram-university-faculty-profiles-aizawl,FALSE,TRUE,FALSE
Aizawl Theological College,https://atc.edu.in/list_of_faculty,FALSE,TRUE,FALSE
Mizoram University,https://mzu.edu.in/all-departments/,FALSE,FALSE,FALSE
Pachhunga University College,https://www.pucollege.edu.in/page/departments,FALSE,FALSE,FALSE
Government Aizawl College,https://gac.ac.in/page/departments,FALSE,FALSE,FALSE
Government Zirtiri Residential Science College,https://www.gzrsc.edu.in/page/departments,FALSE,TRUE,FALSE
Lunglei Government College,https://lgc.ac.in/page/departments,FALSE,TRUE,FALSE
Government Champhai College,https://champhaicollege.edu.in/page/departments,FALSE,TRUE,FALSE
Government Serchhip College,https://serchhipcollege.in/page/departments,FALSE,FALSE,FALSE
Government Kolasib College,https://gkc.ac.in/page/departments,FALSE,FALSE,FALSE
Government Saiha College,http://www.governmentsaihacollege.com/all-departments.php,FALSE,FALSE,FALSE
Government Lawngtlai College,https://glc.edu.in/page/departments,FALSE,FALSE,FALSE
Hrangbana College,https://hrangbanacollege.edu.in/page/departments,FALSE,FALSE,FALSE
T. Romana College,https://trcollege.edu.in/page/departments,FALSE,FALSE,FALSE
Mizoram College of Nursing,https://mcon.mizoram.gov.in/page/faculty,FALSE,FALSE,FALSE
Aizawl West College,http://awc.edu.in/departments/,FALSE,FALSE,FALSE
Johnson College,https://johnsoncollege.in/page/departments,FALSE,FALSE,FALSE
Helen Lowry College of Arts & Commerce,https://www.helenlowrycollege.edu.in/teaching-staff,FALSE,FALSE,FALSE
National Institute of Technology (NIT) Mizoram,https://www.nitmz.ac.in/department,FALSE,FALSE,FALSE
ICFAI University Mizoram,https://www.iumizoram.edu.in/Academics.html,FALSE,TRUE,FALSE
Regional Institute of Paramedical and Nursing Sciences (RIPANS),https://www.ripans.ac.in/page/faculty-of-nursingHere,FALSE,FALSE,FALSE
"are faculty directory or staff listing links for colleges in Nagaland, using the requested format (college name",<link>):,FALSE,FALSE,FALSE
State College of Teacher Education,https://sctek.online/faculty/,FALSE,TRUE,FALSE
Mokokchung College of Teacher Education,https://mcte-nagaland.in/staff/,FALSE,FALSE,FALSE
Tetso College,https://tetsocollege.org/about/faculty/,FALSE,FALSE,FALSE
The following colleges are confirmed to exist in Nagaland but their faculty directories are not present in the provided search results,-,FALSE,FALSE,FALSE
Here are faculty directory links for some colleges in Odisha in the requested format,-,FALSE,FALSE,FALSE
"Odisha State Open University, Sambalpur",https://osou.ac.in/osou-staff.php,FALSE,TRUE,FALSE
Bhadrak Autonomous College,https://bhadrakcollege.ac.in/ts.php,FALSE,TRUE,FALSE
Central University of Odisha,https://cuo.ac.in/Academic_Departments_Faculty.asp?pgid=9&Department_id=1,FALSE,TRUE,FALSE
IIT Bhubaneswar,https://www.iitbbs.ac.in/schools.php,FALSE,FALSE,FALSE
NIT Rourkela,https://www.nitrkl.ac.in/Academics/AcademicDepartments.aspx,FALSE,FALSE,FALSE
AIIMS Bhubaneswar,https://aiimsbhubaneswar.nic.in/departments/,FALSE,FALSE,FALSE
NISER Bhubaneswar,https://www.niser.ac.in/acad/schools,FALSE,FALSE,FALSE
IIM Sambalpur,https://iimsambalpur.ac.in/faculty/,FALSE,TRUE,FALSE
"Utkal University, Bhubaneswar",https://utkaluniversity.ac.in/departments/,FALSE,TRUE,FALSE
"KIIT (Kalinga Institute of Industrial Technology), Bhubaneswar",https://kiit.ac.in/academics/schools/,FALSE,TRUE,FALSE
"SOA (Siksha O Anusandhan), Bhubaneswar",https://www.soa.ac.in/institutes-schools,FALSE,FALSE,FALSE
"VSSUT (Veer Surendra Sai University of Technology), Burla",https://www.vssut.ac.in/department.php,FALSE,TRUE,FALSE
"OUTR (Odisha University of Technology and Research), formerly CETB",https://www.outr.ac.in/departments,FALSE,TRUE,FALSE
"Ravenshaw University, Cuttack",https://www.ravenshawuniversity.ac.in/departments/,FALSE,FALSE,FALSE
"Sambalpur University, Sambalpur",https://www.suniv.ac.in/departments.php,FALSE,TRUE,FALSE
"Berhampur University, Berhampur",http://buodisha.edu.in/pg_departments.php,FALSE,FALSE,FALSE
"XIM University, Bhubaneswar",https://xim.edu.in/faculty-and-research/faculty-directory/,FALSE,FALSE,FALSE
"Sri Sri University, Cuttack",https://srisriuniversity.edu.in/faculty-list/,FALSE,FALSE,FALSE
"Gangadhar Meher University, Sambalpur",https://gmuniversity.ac.in/departments/,FALSE,TRUE,FALSE
"SCB Medical College, Cuttack",https://scbmch.nic.in/departments,FALSE,FALSE,FALSE
"IGIT (Indira Gandhi Institute of Technology), Sarang",http://igitsarang.ac.in/departments,FALSE,FALSE,FALSE
"PMEC (Parala Maharaja Engineering College), Berhampur",https://www.pmec.ac.in/department,FALSE,TRUE,FALSE
"GCEK (Government College of Engineering), Kalahandi",https://www.gcekbpatna.ac.in/departments.php,FALSE,FALSE,FALSE
"GCE (Government College of Engineering), Keonjhar",https://www.gcekjr.ac.in/departments,FALSE,FALSE,FALSE
Note,This,FALSE,FALSE,FALSE
"list covers the most prominent institutions. Many smaller, affiliated colleges may have outdated websites or not provide a clear public-facing faculty directory.Here are faculty directory links for select colleges and universities in Punjab (India)",-,FALSE,FALSE,FALSE
Panjab University,https://iqac.puchd.ac.in/panjab-university-faculty/,FALSE,TRUE,FALSE
"Panjab University, Chandigarh",https://puchd.ac.in/departments.php,FALSE,FALSE,FALSE
"Guru Nanak Dev University, Amritsar",https://online.gndu.ac.in/department_list.aspx,FALSE,FALSE,FALSE
"Punjabi University, Patiala",https://punjabiuniversity.ac.in/pbiuniweb/pages/departments.html,FALSE,FALSE,FALSE
"Punjab Agricultural University, Ludhiana",https://www.pau.edu/index.php?_act=manage&_mod=academics&_id=Mg==,FALSE,TRUE,FALSE
"Chandigarh University, Mohali",https://www.cuchd.in/academics/,FALSE,TRUE,FALSE
"Lovely Professional University, Phagwara",https://www.lpu.in/schools/,FALSE,FALSE,FALSE
"Central University of Punjab, Bathinda",https://cup.edu.in/schools.php,FALSE,FALSE,FALSE
"Indian Institute of Technology (IIT), Ropar",https://www.iitrpr.ac.in/departments,FALSE,TRUE,FALSE
"Dr. B. R. Ambedkar National Institute of Technology (NIT), Jalandhar",http://www.nitj.ac.in/index.php/nitj_cinfo/departments,FALSE,FALSE,FALSE
"Thapar Institute of Engineering and Technology, Patiala",https://www.thapar.edu/faculty/,FALSE,FALSE,FALSE
"Indian Institute of Science Education and Research (IISER), Mohali",https://www.iisermohali.ac.in/faculty/faculty-list,FALSE,FALSE,FALSE
"Sant Longowal Institute of Engineering and Technology (SLIET), Longowal",http://sliet.ac.in/departments/,FALSE,FALSE,FALSE
"Government Medical College, Patiala",https://gmcpatiala.in/departments.html,FALSE,FALSE,FALSE
"Christian Medical College, Ludhiana",https://www.cmcludhiana.in/college-departments/,FALSE,FALSE,FALSE
"Government Medical College, Amritsar",[https://gmc,FALSE,FALSE,FALSE
Amritsar.nic.in/departments.html](https,//gmc,FALSE,FALSE,FALSE
"Adesh Institute of Medical Sciences & Research, Bathinda",https://aimsr.adeshuniversity.ac.in/departments.aspx,FALSE,TRUE,FALSE
"Khalsa College, Amritsar",https://khalsacollege.edu.in/departments.php,FALSE,FALSE,FALSE
"DAV College, Jalandhar",https://davjalandhar.com/departments/,FALSE,FALSE,FALSE
"Government Mohindra College, Patiala",https://mohindracollege.in/show/departments,FALSE,TRUE,FALSE
"Lyallpur Khalsa College, Jalandhar",https://www.lkc.ac.in/academics/departments.html,FALSE,FALSE,FALSE
are faculty directory links for selected colleges in Rajasthan in the format you requested,-,FALSE,FALSE,FALSE
"Government College, Tonk",https://hte.rajasthan.gov.in/college/gctonk/teaching-staff,FALSE,TRUE,FALSE
"Rajasthan Technical University (RTU), Kota",https://www.rtu.ac.in/index/view_menudata.php?page=Faculty388,FALSE,FALSE,FALSE
"Swami Keshwanand Rajasthan Agricultural University (SKRAU), Bikaner",https://raubikaner.org/list-of-accredited-faculty/,FALSE,TRUE,FALSE
"The Rajasthan Department of College Education maintains a comprehensive listing of government colleges; to find the faculty directory for any specific college, start here",https://hte.rajasthan.gov.in/dept/dce/college.php,FALSE,TRUE,FALSE
Major Universities and Institutes,Indian,FALSE,FALSE,FALSE
Institute of Technology Jodhpur (IITJ),https://iitj.ac.in/faculty,FALSE,TRUE,FALSE
"Birla Institute of Technology and Science, Pilani (BITS Pilani)",https://www.bits-pilani.ac.in/pilani/faculty/,FALSE,TRUE,FALSE
Malaviya National Institute of Technology Jaipur (MNIT),http://www.mnit.ac.in/faculty/index.php,FALSE,FALSE,FALSE
All India Institute of Medical Sciences Jodhpur (AIIMS Jodhpur),https://aiimsjodhpur.edu.in/faculty.php,FALSE,FALSE,FALSE
"The LNM Institute of Information Technology (LNMIIT), Jaipur",https://www.lnmiit.ac.in/faculty/,FALSE,FALSE,FALSE
"University of Rajasthan, Jaipur",https://www.uniraj.ac.in/index.php?mid=30,FALSE,TRUE,FALSE
Manipal University Jaipur,https://jaipur.manipal.edu/muj/academics/departments-faculty.html,FALSE,FALSE,FALSE
"Amity University, Jaipur",https://www.amity.edu/jaipur/faculty-list.aspx,FALSE,FALSE,FALSE
Banasthali Vidyapith,http://www.banasthali.org/banasthali/wcms/en/home/lower-menu/faculties-and-departments/index.html,FALSE,TRUE,FALSE
Central University of Rajasthan,https://curaj.ac.in/schools,FALSE,TRUE,FALSE
"JK Lakshmipat University, Jaipur",https://www.jklu.edu.in/faculty/,FALSE,FALSE,FALSE
"Mohanlal Sukhadia University, Udaipur",https://www.mlsu.ac.in/faculty,FALSE,FALSE,FALSE
"Jai Narain Vyas University, Jodhpur (JNVU)",http://www.jnvu.co.in/faculties/,FALSE,FALSE,FALSE
"Maharana Pratap University of Agriculture and Technology, Udaipur (MPUAT)",http://www.mpuat.ac.in/index.php/colleges-institutes/colleges,FALSE,TRUE,FALSE
"Swami Keshwanand Rajasthan Agricultural University, Bikaner (SKRAU)",http://skrau.ac.in/pages/constituent-colleges-amp-institutes.php?id=1033,FALSE,FALSE,FALSE
"Suresh Gyan Vihar University, Jaipur",https://www.gyanvihar.org/faculty.php,FALSE,FALSE,FALSE
"NIMS University, Jaipur",https://nimsuniversity.org/faculty-list/,FALSE,FALSE,FALSE
"Poornima University, Jaipur",https://www.poornima.edu.in/faculty-directory/Here,FALSE,TRUE,FALSE
"are the faculty directory links (or closest equivalents) for colleges in Sikkim, formatted as requested",-,FALSE,FALSE,FALSE
Sikkim University,https://cus.ac.in/index.php/en/head-ics-of-department,FALSE,TRUE,FALSE
Sikkim Manipal University (General faculty),https://smu.onlinemanipal.com/faculty/,FALSE,TRUE,FALSE
Sikkim Manipal Institute of Medical Sciences,https://smims.smu.edu.in,FALSE,FALSE,FALSE
Sikkim Manipal Institute of Technology,https://smit.smu.edu.in,FALSE,TRUE,FALSE
"For affiliated and government colleges in Sikkim, such as",-,FALSE,FALSE,FALSE
| Sikkim University                         | https,//cus.ac.in/index.php/en/head-ics-of-department,FALSE,TRUE,FALSE
| Sikkim Manipal University (General)        | https,//smu.onlinemanipal.com/faculty/,FALSE,TRUE,FALSE
| Sikkim Manipal Institute of Medical Sciences| https,//smims.smu.edu.in,FALSE,FALSE,FALSE
| Sikkim Manipal Institute of Technology     | https,//smit.smu.edu.in,FALSE,TRUE,FALSE
Sikkim University,https://cus.ac.in/index.php/en/faculty-2,FALSE,FALSE,FALSE
National Institute of Technology (NIT) Sikkim,https://nitsikkim.ac.in/academics/departments.php,FALSE,FALSE,FALSE
Sikkim Manipal Institute of Technology (SMIT),https://smit.smu.edu.in/smit/academics/departments.html,FALSE,TRUE,FALSE
Sikkim Manipal Institute of Medical Sciences (SMIMS),https://smims.smu.edu.in/smims/academics/departments.html,FALSE,FALSE,FALSE
"Nar Bahadur Bhandari Degree College, Tadong",https://nbbdegreecollegetadong.in/teaching-staff,FALSE,FALSE,FALSE
"Sikkim Government College, Burtuk",https://sgcburtuk.in/departments.php,FALSE,FALSE,FALSE
Namchi Government College,https://www.namchigovtcollege.in/departments,FALSE,FALSE,FALSE
"Government College, Gyalshing (Geyzing)",https://gegyalshingcollege.in/department.php,FALSE,FALSE,FALSE
"Government College, Rhenock",http://www.gcrhenock.in/Faculty.aspx,FALSE,FALSE,FALSE
Sikkim Government Law College,https://sglc.ac.in/faculty/,FALSE,FALSE,FALSE
"Sikkim Government B.Ed. College, Soreng",https://sgbedsoreng.in/faculty-profile.php,FALSE,FALSE,FALSE
"Himalayan Pharmacy Institute, Majhitar",http://hpi.ac.in/faculty/Here,FALSE,FALSE,FALSE
are faculty directory links for select colleges/universities in Tamil Nadu based on the available search results,-,FALSE,FALSE,FALSE
"Kongunadu Arts and Science College (SKASC, Coimbatore)",https://skasc.ac.in/discipline/commerce/faculty/,FALSE,TRUE,FALSE
Central University of Tamil Nadu,https://cutn.ac.in/wp-content/uploads/2023/09/Teaching-and-Non-Teaching-Staff-Directory-rev-04092023.pdf,TRUE,TRUE,FALSE
Tamil Nadu Open University,https://tnou.ac.in/wp-content/uploads/2022/11/List-of-teaching-staff-of-TNOU.pdf,TRUE,TRUE,FALSE
Indian Institute of Technology Madras (IITM),https://www.iitm.ac.in/academics/departments,FALSE,FALSE,FALSE
National Institute of Technology Tiruchirappalli (NITT),https://www.nitt.edu/home/academics/departments/,FALSE,TRUE,FALSE
"Indian Institute of Information Technology, Design and Manufacturing (IIITDM), Kancheepuram",https://www.iiitdm.ac.in/academics/department,FALSE,FALSE,FALSE
Indian Institute of Management (IIM) Tiruchirappalli,https://www.iimtrichy.ac.in/faculty-and-research/faculty-profiles,FALSE,FALSE,FALSE
"Anna University, Chennai",https://www.annauniv.edu/department.php,FALSE,FALSE,FALSE
"Vellore Institute of Technology (VIT), Vellore",https://vit.ac.in/schools,FALSE,TRUE,FALSE
SRM Institute of Science and Technology (SRMIST),https://www.srmist.edu.in/academics/faculty/,FALSE,FALSE,FALSE
"SASTRA Deemed University, Thanjavur",https://www.sastra.edu/schools.html,FALSE,FALSE,FALSE
"University of Madras, Chennai",https://www.unom.ac.in/index.php?route=academics/departments,FALSE,FALSE,FALSE
"Bharathidasan University, Tiruchirappalli",https://www.bdu.ac.in/schools,FALSE,FALSE,FALSE
"Madurai Kamaraj University, Madurai",https://mkuniversity.ac.in/new/school,FALSE,TRUE,FALSE
"Amrita Vishwa Vidyapeetham, Coimbatore",https://www.amrita.edu/schools/?campus=coimbatore,FALSE,TRUE,FALSE
"Tamil Nadu Agricultural University (TNAU), Coimbatore",https://tnau.ac.in/colleges-directorates/,FALSE,FALSE,FALSE
"Alagappa University, Karaikudi",https://alagappauniversity.ac.in/departments.php,FALSE,FALSE,FALSE
"PSG College of Technology, Coimbatore",https://www.psgtech.edu/departments.php,FALSE,FALSE,FALSE
"Coimbatore Institute of Technology (CIT), Coimbatore",https://www.cit.edu.in/departments/,FALSE,TRUE,FALSE
"Thiagarajar College of Engineering (TCE), Madurai",https://www.tce.edu/departments,FALSE,FALSE,FALSE
"Government College of Technology (GCT), Coimbatore",https://www.gct.ac.in/departments,FALSE,FALSE,FALSE
"Kumaraguru College of Technology (KCT), Coimbatore",https://www.kct.ac.in/programmes/,FALSE,FALSE,FALSE
"Sri Sivasubramaniya Nadar (SSN) College of Engineering, Chennai",https://www.ssn.edu.in/engineering-departments/,FALSE,FALSE,FALSE
B.S. Abdur Rahman Crescent Institute of Science and Technology,https://crescent.education/schools/,FALSE,TRUE,FALSE
"Loyola College, Chennai",https://www.loyolacollege.edu/departments/List-of-Departments,FALSE,FALSE,FALSE
"Madras Christian College (MCC), Chennai",https://mcc.edu.in/departments/,FALSE,TRUE,FALSE
"Stella Maris College, Chennai",https://stellamariscollege.edu.in/departments/,FALSE,FALSE,FALSE
"Presidency College, Chennai",https://presidencycollegechennai.ac.in/departments.php,FALSE,FALSE,FALSE
"Ethiraj College for Women, Chennai",https://www.ethirajcollege.edu.in/department.php,FALSE,FALSE,FALSE
"PSG College of Arts and Science, Coimbatore",https://www.psgcas.ac.in/academics/departments.html,FALSE,FALSE,FALSE
"The American College, Madurai",https://americancollege.edu.in/departments/,FALSE,TRUE,FALSE
"Christian Medical College (CMC), Vellore",https://www.cmch-vellore.edu/Departments,FALSE,FALSE,FALSE
"Madras Medical College, Chennai",http://www.mmc.ac.in/mmc/index.jsp#,FALSE,FALSE,FALSE
"Stanley Medical College, Chennai",https://www.stanleymedicalcollege.ac.in/stanleymedicalcollege/departments.phpHere,FALSE,FALSE,FALSE
"are faculty directory links (or direct faculty pages) for selected colleges in Telangana, compiled from available search results. Only colleges where such links or documents could be identified are listed",-,FALSE,FALSE,FALSE
St. Martins Engineering College,https://www.smec.ac.in/Departmentssidebar/facultyprofilehs,FALSE,TRUE,FALSE
University of Hyderabad,https://uohyd.ac.in/wp-content/uploads/2021/08/Faculty-contact-list.pdf,TRUE,TRUE,FALSE
Jawaharlal Nehru Technological University Hyderabad College of Engineering (JNTUH CEH),https://jntuhceh.ac.in/faculty/5/dept/5,FALSE,TRUE,FALSE
"Osmania University, Hyderabad",https://www.osmania.ac.in/faculties-and-departments.php,FALSE,FALSE,FALSE
University of Hyderabad (HCU),https://uohyd.ac.in/faculty-profile/,FALSE,FALSE,FALSE
Jawaharlal Nehru Technological University Hyderabad (JNTUH),https://jntuh.ac.in/departments,FALSE,TRUE,FALSE
"Kakatiya University, Warangal",https://www.kakatiya.ac.in/faculties.php,FALSE,FALSE,FALSE
Maulana Azad National Urdu University (MANUU),https://manuu.edu.in/University/Academic/Schools,FALSE,TRUE,FALSE
English and Foreign Languages University (EFLU),https://www.efluniversity.ac.in/Schools.php,FALSE,FALSE,FALSE
Potti Sreeramulu Telugu University,http://teluguuniversity.ac.in/departments/,FALSE,TRUE,FALSE
"Telangana University, Nizamabad",https://www.telanganauniversity.ac.in/faculties-departments,FALSE,FALSE,FALSE
"Indian Institute of Technology, Hyderabad (IITH)",https://www.iith.ac.in/academics/departments/,FALSE,TRUE,FALSE
"National Institute of Technology, Warangal (NITW)",https://www.nitw.ac.in/departments/,FALSE,TRUE,FALSE
"International Institute of Information Technology, Hyderabad (IIIT-H)",https://www.iiit.ac.in/people/faculty/,FALSE,TRUE,FALSE
"Chaitanya Bharathi Institute of Technology (CBIT), Hyderabad",https://www.cbit.ac.in/academics_post/departments-2/,FALSE,FALSE,FALSE
"Vasavi College of Engineering (VCE), Hyderabad",https://www.vce.ac.in/departments.html,FALSE,FALSE,FALSE
"VNR Vignana Jyothi Institute of Engineering and Technology (VNRVJIET), Hyderabad",https://www.vnrvjiet.ac.in/ug.php,FALSE,FALSE,FALSE
"Gokaraju Rangaraju Institute of Engineering and Technology (GRIET), Hyderabad",http://www.griet.ac.in/departments.php,FALSE,FALSE,FALSE
"B.V. Raju Institute of Technology (BVRIT), Narsapur",https://bvrithyderabad.edu.in/index.php/departments,FALSE,FALSE,FALSE
"Institute of Aeronautical Engineering (IARE), Hyderabad",https://iare.ac.in/departments,FALSE,FALSE,FALSE
"Mahatma Gandhi Institute of Technology (MGIT), Hyderabad",https://www.mgit.ac.in/departments.html,FALSE,FALSE,FALSE
"CVR College of Engineering, Hyderabad",https://cvr.ac.in/home/index.php/departments,FALSE,FALSE,FALSE
"Keshav Memorial Institute of Technology (KMIT), Hyderabad",https://www.kmit.in/faculty/,FALSE,TRUE,FALSE
"Malla Reddy College of Engineering and Technology (MRCET), Hyderabad",https://www.mrcet.com/departments.html,FALSE,FALSE,FALSE
"CMR College of Engineering & Technology (CMRCET), Hyderabad",https://www.cmrcet.ac.in/departments/,FALSE,FALSE,FALSE
"Vardhaman College of Engineering, Hyderabad",https://vardhaman.org/departments-introduction/,FALSE,FALSE,FALSE
"Sreenidhi Institute of Science and Technology (SNIST), Ghatkesar",https://www.sreenidhi.edu.in/departments.php,FALSE,FALSE,FALSE
"Osmania Medical College, Hyderabad",http://osmaniamedicalcollege.org/departments.html,FALSE,FALSE,FALSE
"Gandhi Medical College, Secunderabad",http://gmcsecunderabad.org/departments.html,FALSE,FALSE,FALSE
"Nizams Institute of Medical Sciences (NIMS), Hyderabad",https://nims.edu.in/speciality-departments,FALSE,FALSE,FALSE
"All India Institute Of Medical Sciences (AIIMS), Bibinagar",https://aiimsbibinagar.edu.in/departments/,FALSE,FALSE,FALSE
"ESIC Medical College, Hyderabad",https://www.esicmchyd.ac.in/departments.aspx,FALSE,FALSE,FALSE
"Kamineni Institute of Medical Sciences (KIMS), Narketpally",https://kimsmedicalcollege.org/departments/,FALSE,FALSE,FALSE
"Deccan College of Medical Sciences, Hyderabad",https://www.dms-hyd.com/Departments.aspx,FALSE,FALSE,FALSE
"Kakatiya Medical College, Warangal",https://kmcwgl.com/departments/,FALSE,FALSE,FALSE
"Indian School of Business (ISB), Hyderabad",https://www.isb.edu/en/faculty-research/faculty-directory.html,FALSE,FALSE,FALSE
"National Institute of Fashion Technology (NIFT), Hyderabad",https://www.nift.ac.in/hyderabad/faculty,FALSE,TRUE,FALSE
"Administrative Staff College of India (ASCI), Hyderabad",https://www.asci.org.in/faculty-listing/,FALSE,FALSE,FALSE
"Institute of Public Enterprise (IPE), Hyderabad",https://www.ipeindia.org/faculty-directory/,FALSE,TRUE,FALSE
"St. Francis College for Women, Hyderabad",https://www.sfc.ac.in/departments.html,FALSE,TRUE,FALSE
"Loyola Academy Degree & PG College, Secunderabad",https://www.loyolaacademy.edu.in/LA/department.phpHere,FALSE,FALSE,FALSE
Tripura Institute of Technology,https://titagartala.ac.in/departments/computer-science-engineering/people/faculty-members/,FALSE,TRUE,FALSE
Tripura University,https://tripurauniv.ac.in/site/index.php/en/teaching-faculty-list-en,FALSE,TRUE,FALSE
Maharaja Bir Bikram University,http://www.mbbuniversity.ac.in/facultylist.php,FALSE,FALSE,FALSE
National Institute of Technology Agartala,http://www.nita.ac.in/facultylist.php,FALSE,FALSE,FALSE
"ICFAI University, Tripura",http://www.iutripura.edu.in/IcfaiTripura/FacultyTeam.aspx,FALSE,TRUE,FALSE
Bir Bikram Memorial College,http://www.bbmc.nic.in/faculty.html,FALSE,FALSE,FALSE
"Govt. Degree College, Khumulwng",https://khumulwngcollege.in/faculty,FALSE,FALSE,FALSE
Ramthakur College,http://www.ramthakurcollege.nic.in/faculty.php,FALSE,FALSE,FALSE
"DDM College, Khowai",Not,FALSE,FALSE,FALSE
"Women’s College, Agartala",Not,FALSE,FALSE,FALSE
Tripura University,https://www.tripurauniv.ac.in/Department/Departments,FALSE,FALSE,FALSE
Maharaja Bir Bikram (MBB) University,https://mbbuniversity.ac.in/departments,FALSE,FALSE,FALSE
National Institute of Technology (NIT) Agartala,https://www.nita.ac.in/department/index.html,FALSE,FALSE,FALSE
Tripura Institute of Technology (TIT),https://www.titagartala.ac.in/departments,FALSE,TRUE,FALSE
Agartala Government Medical College (AGMC),https://agmc.nic.in/faculty-staff,FALSE,FALSE,FALSE
Tripura Medical College & Dr. B.R. Ambedkar Memorial Teaching Hospital (TMC),https://tmc.nic.in/departments,FALSE,FALSE,FALSE
"College of Agriculture, Tripura",https://www.cat.ac.in/faculties-staff/,FALSE,FALSE,FALSE
"College of Fisheries, Lembucherra",https://www.cofcau.in/faculty-profile,FALSE,FALSE,FALSE
"ICFAI University, Tripura",https://www.iutripura.edu.in/faculty.html,FALSE,FALSE,FALSE
Maharaja Bir Bikram (MBB) College,https://mbbcollege.in/departments,FALSE,FALSE,FALSE
"Womens College, Agartala",https://womenscollege.nic.in/departments,FALSE,FALSE,FALSE
Ramthakur College,https://ramthakurcollege.in/departments,FALSE,FALSE,FALSE
Iswar Chandra Vidyasagar College,https://icvcollege.in/departments,FALSE,FALSE,FALSE
"Netaji Subhash Mahavidyalaya, Udaipur",https://nsmahavidyalaya.nic.in/departments,FALSE,FALSE,FALSE
"Kabi Nazrul Mahavidyalaya, Sonamura",https://knmahavidyalaya.in/departments,FALSE,FALSE,FALSE
"Government Degree College, Dharmanagar",https://gdcdharmanagar.in/departments,FALSE,FALSE,FALSE
"Government Degree College, Kamalpur",https://gdckamalpur.in/departments,FALSE,FALSE,FALSE
"Government Degree College, Khumulwng",https://gdckhumulwng.in/departments,FALSE,FALSE,FALSE
"Michael Madhusudan Dutt College, Sabroom",https://mmdcollege.in/department.php,FALSE,FALSE,FALSE
"Government Degree College, Santirbazar",https://gdcsantirbazar.in/departments,FALSE,FALSE,FALSE
"Government Degree College, Teliamura",https://gdcteliamura.in/departments,FALSE,FALSE,FALSE
"Rabindranath Thakur Mahavidyalaya, Bishalgarh",https://rtmahavidyalaya.in/departments,FALSE,FALSE,FALSE
"Government Degree College, Longtharai Valley",https://gdclongtharaivalley.in/departmentsHere,FALSE,FALSE,FALSE
are faculty directory links for colleges in Uttar Pradesh as found in the search results,-,FALSE,FALSE,FALSE
"Tilak Dhari P.G. College, Jaunpur",https://www.tdcollege.org/en/page/faculty-list,FALSE,TRUE,FALSE
Shiv Nadar University,https://snu.edu.in/faculty/,FALSE,TRUE,FALSE
"Rajkiya Engineering College, Ambedkar Nagar",https://www.recabn.ac.in/?page_id=3892,FALSE,TRUE,FALSE
Important Note,Most,FALSE,FALSE,FALSE
"Indian Institute of Technology, Kanpur (IIT Kanpur)",https://www.iitk.ac.in/doaa/data/department-faculty-list,FALSE,FALSE,FALSE
"Indian Institute of Technology (BHU), Varanasi (IIT BHU)",https://iitbhu.ac.in/deans/dofa/faculty-list,FALSE,FALSE,FALSE
"Motilal Nehru National Institute of Technology, Allahabad (MNNIT)",http://www.mnnit.ac.in/index.php/departments,FALSE,FALSE,FALSE
"Indian Institute of Information Technology, Allahabad (IIIT Allahabad)",https://www.iiita.ac.in/academics/departments/,FALSE,FALSE,FALSE
"Indian Institute of Information Technology, Lucknow (IIIT Lucknow)",https://iiitl.ac.in/index.php/faculty/,FALSE,TRUE,FALSE
"Indian Institute of Management, Lucknow (IIM Lucknow)",https://www.iiml.ac.in/faculty-and-research/faculty-directory,FALSE,FALSE,FALSE
"Banaras Hindu University (BHU), Varanasi",https://www.bhu.ac.in/Site/Unit/1_2_16_Main-Site,FALSE,TRUE,FALSE
"Aligarh Muslim University (AMU), Aligarh",https://www.amu.ac.in/academies/faculties,FALSE,TRUE,FALSE
University of Allahabad,https://www.allduniv.ac.in/department/index,FALSE,TRUE,FALSE
"Babasaheb Bhimrao Ambedkar University, Lucknow",https://www.bbau.ac.in/department,FALSE,FALSE,FALSE
"Dr. A.P.J. Abdul Kalam Technical University (AKTU), Lucknow",https://aktu.ac.in/departments.html,FALSE,FALSE,FALSE
(Note,AKTU,FALSE,FALSE,FALSE
"King Georges Medical University (KGMU), Lucknow",https://www.kgmu.org/department-list,FALSE,FALSE,FALSE
"University of Lucknow, Lucknow",https://www.lkouniv.ac.in/en/page/departments-and-institutes,FALSE,FALSE,FALSE
"Harcourt Butler Technical University (HBTU), Kanpur",https://hbtu.ac.in/schools-departments/,FALSE,FALSE,FALSE
"Madan Mohan Malaviya University of Technology (MMMUT), Gorakhpur",http://www.mmmut.ac.in/Departments,FALSE,FALSE,FALSE
"Sanjay Gandhi Postgraduate Institute of Medical Sciences (SGPGI), Lucknow",https://sgpgims.org.in/sgpgi_dept.html,FALSE,FALSE,FALSE
"Chhatrapati Shahu Ji Maharaj University, Kanpur",https://csjmu.ac.in/departments-2/,FALSE,FALSE,FALSE
"Chaudhary Charan Singh University, Meerut",https://www.ccsuniversity.ac.in/ccsum/all-departments.php,FALSE,TRUE,FALSE
"Gautam Buddha University, Greater Noida",https://www.gbu.ac.in/page/schools,FALSE,FALSE,FALSE
"Amity University, Noida",https://www.amity.edu/noida/institutions.aspx,FALSE,FALSE,FALSE
"Sharda University, Greater Noida",https://www.sharda.ac.in/schools,FALSE,TRUE,FALSE
"Galgotias University, Greater Noida",https://www.galgotiasuniversity.edu.in/schools.asp,FALSE,FALSE,FALSE
"Shiv Nadar University, Greater Noida",https://snu.edu.in/schools/,FALSE,TRUE,FALSE
"Jaypee Institute of Information Technology (JIIT), Noida",https://www.jiit.ac.in/departments,FALSE,TRUE,FALSE
"GLA University, Mathura",https://www.gla.ac.in/institutes-and-departments/university-polytechnic,FALSE,FALSE,FALSE
"Bennett University, Greater Noida",https://www.bennett.edu.in/schools/Here,FALSE,TRUE,FALSE
"are Uttarakhand colleges for which faculty directory links were available, listed in the requested format",-,FALSE,FALSE,FALSE
Uttarakhand Sanskrit University,https://usvv.ac.in/teaching-list.php,FALSE,TRUE,FALSE
Ras Bihari Bose Subharti University (RBBSU),https://rbbsu.edu.in/faculty-list,FALSE,TRUE,FALSE
"The following related links were also identified, but they do not directly provide a faculty directory",-,FALSE,FALSE,FALSE
Sri Dev Suman Uttarakhand University,The,FALSE,FALSE,FALSE
"Uttarakhand Technical University (now Veer Madho Singh Bhandari Uttarakhand Technical University, aka UKTECH)",The,FALSE,FALSE,FALSE
Format,College,FALSE,FALSE,FALSE
Name,<Link>,FALSE,FALSE,FALSE
Indian Institute of Technology Roorkee (IIT Roorkee),https://www.iitr.ac.in/Departments/index.html,FALSE,FALSE,FALSE
National Institute of Technology Uttarakhand (NIT Uttarakhand),https://nituk.ac.in/department,FALSE,TRUE,FALSE
Indian Institute of Management Kashipur (IIM Kashipur),https://www.iimkashipur.ac.in/about-us/faculty,FALSE,FALSE,FALSE
All India Institute of Medical Sciences Rishikesh (AIIMS Rishikesh),https://aiimsrishikesh.edu.in/college/departments/,FALSE,FALSE,FALSE
"H.N.B. Garhwal University (A Central University), Srinagar",http://www.hnbgu.ac.in/schools,FALSE,FALSE,FALSE
"Kumaun University, Nainital",https://www.kunainital.ac.in/faculties.php,FALSE,TRUE,FALSE
"G.B. Pant University of Agriculture and Technology, Pantnagar",https://www.gbpuat.ac.in/academics/colleges/index.html,FALSE,FALSE,FALSE
"Doon University, Dehradun",https://doonuniversity.ac.in/schools,FALSE,FALSE,FALSE
"Uttarakhand Technical University, Dehradun",https://uktech.ac.in/en/page/departments,FALSE,TRUE,FALSE
"Forest Research Institute (Deemed to be University), Dehradun",https://fri.icfre.gov.in/divisions/,FALSE,FALSE,FALSE
"University of Petroleum and Energy Studies (UPES), Dehradun",https://www.upes.ac.in/our-faculty,FALSE,TRUE,FALSE
"Graphic Era University, Dehradun",https://www.geu.ac.in/content/geu/en/academics/departments.html,FALSE,FALSE,FALSE
"DIT University, Dehradun",https://www.dituniversity.edu.in/faculty-and-research,FALSE,TRUE,FALSE
"IMS Unison University, Dehradun",https://www.iuu.ac/faculty-directory.php,FALSE,FALSE,FALSE
"Himgiri Zee University, Dehradun",https://hzu.edu.in/our-faculty/,FALSE,FALSE,FALSE
"Government Medical College, Haldwani",http://gmchld.org/departments/,FALSE,FALSE,FALSE
"Veer Chandra Singh Garhwali Government Institute of Medical Science & Research, Srinagar",http://vcsgsrinagar.org/departments/,FALSE,FALSE,FALSE
"Shri Guru Ram Rai Institute of Medical & Health Sciences, Dehradun",https://sgrrmc.com/super-speciality-departments,FALSE,FALSE,FALSE
"(This page links to various departments)Here are faculty directory links for select colleges in West Bengal, based on the available search results",-,FALSE,FALSE,FALSE
University of Kalyani,https://klyuniv.ac.in/faculty-directory/,FALSE,TRUE,FALSE
Kazi Nazrul University,https://www.knu.ac.in/get-page-details-sub-category/faculty-directory/18,FALSE,FALSE,FALSE
Format,College,FALSE,FALSE,FALSE
Name,<link>,FALSE,FALSE,FALSE
"Indian Institute of Technology (IIT), Kharagpur",http://www.iitkgp.ac.in/departments,FALSE,FALSE,FALSE
"Indian Institute of Management (IIM), Calcutta",https://www.iimcal.ac.in/faculty/faculty-directory,FALSE,TRUE,FALSE
"Indian Institute of Science Education and Research (IISER), Kolkata",https://www.iiserkol.ac.in/web/en/people/faculty/,FALSE,TRUE,FALSE
"National Institute of Technology (NIT), Durgapur",https://nitdgp.ac.in/departments,FALSE,FALSE,FALSE
"Indian Institute of Engineering Science and Technology (IIEST), Shibpur",https://www.iiests.ac.in/IIEST/department,FALSE,TRUE,FALSE
"Indian Statistical Institute (ISI), Kolkata",https://www.isical.ac.in/~isical/faculty,FALSE,FALSE,FALSE
"Jadavpur University, Kolkata",http://www.jaduniv.edu.in/,FALSE,FALSE,FALSE
"University of Calcutta, Kolkata",https://www.caluniv.ac.in/academic/department.html,FALSE,FALSE,FALSE
"Presidency University, Kolkata",https://www.presiuniv.ac.in/web/alldepartments.php,FALSE,FALSE,FALSE
"University of Burdwan, Bardhaman",https://buruniv.ac.in/Depts.php,FALSE,FALSE,FALSE
"University of North Bengal, Siliguri",https://www.nbu.ac.in/academics/departments.html,FALSE,FALSE,FALSE
"Vidyasagar University, Midnapore",http://www.vidyasagar.ac.in/departments/DepartmentList.aspx,FALSE,TRUE,FALSE
"University of Kalyani, Kalyani",https://klyuniv.ac.in/departments/,FALSE,FALSE,FALSE
Maulana Abul Kalam Azad University of Technology (MAKAUT),https://makautwb.ac.in/page.php?id=199,FALSE,TRUE,FALSE
"West Bengal State University, Barasat",https://wbsu.ac.in/departments/,FALSE,FALSE,FALSE
"Rabindra Bharati University, Kolkata",https://rbu.ac.in/faculty-councils/,FALSE,FALSE,FALSE
"St. Xaviers College, Kolkata (Autonomous)",https://www.sxccal.edu/academics/departments/,FALSE,TRUE,FALSE
"Ramakrishna Mission Residential College, Narendrapur (Autonomous)",https://www.rkmrc.in/departments.php,FALSE,FALSE,FALSE
"Ramakrishna Mission Vidyamandira, Belur Math (Autonomous)",https://vidyamandira.ac.in/departments/,FALSE,FALSE,FALSE
"Bethune College, Kolkata",https://www.bethunecollege.ac.in/departments.htm,FALSE,FALSE,FALSE
"Lady Brabourne College, Kolkata",https://www.ladybrabourne.com/view-all-department,FALSE,FALSE,FALSE
"Scottish Church College, Kolkata",https://www.scottishchurch.ac.in/departments/,FALSE,FALSE,FALSE
"Heritage Institute of Technology, Kolkata",https://www.heritageit.edu/Departments.aspx,FALSE,FALSE,FALSE
"Haldia Institute of Technology, Haldia",https://hithaldia.ac.in/hit-departments/,FALSE,FALSE,FALSE
"Institute of Engineering & Management (IEM), Kolkata",https://iem.edu.in/faculty-members-in-engineering-management/,FALSE,FALSE,FALSE
"Techno Main Salt Lake, Kolkata",https://www.ticollege.ac.in/academics/departments/,FALSE,FALSE,FALSE
